name,count
2021-10-14 11_18_35.jpg,113
2021-10-14 11_18_56.jpg,117
2021-10-14 11_19_16.jpg,157
2021-10-14 11_19_37.jpg,99
2021-10-14 11_20_04.jpg,108
2021-10-14 11_20_28.jpg,169
2021-10-14 11_20_55.jpg,178
2021-10-14 11_21_22.jpg,165
2021-10-14 11_21_48.jpg,127
2021-10-14 11_22_15.jpg,172
2021-10-14 11_22_42.jpg,183
2021-10-14 11_23_03.jpg,210
2021-10-14 11_23_30.jpg,202
2021-10-14 11_23_52.jpg,167
2021-10-14 11_24_18.jpg,203
2021-10-14 11_24_45.jpg,187
2021-10-14 11_25_13.jpg,116
2021-10-14 11_25_40.jpg,181
2021-10-14 11_26_01.jpg,123
2021-10-14 11_26_23.jpg,126
2021-10-14 11_26_44.jpg,113
2021-10-14 11_27_05.jpg,134
2021-10-14 11_27_32.jpg,104
2021-10-14 11_28_33.jpg,102
2021-10-14 11_29_00.jpg,103
2021-10-14 11_29_27.jpg,122
2021-10-14 11_29_48.jpg,118
2021-10-14 11_30_16.jpg,101
2021-10-14 11_30_43.jpg,85
2021-10-14 11_31_04.jpg,117
2021-10-14 11_31_26.jpg,97
2021-10-14 11_31_47.jpg,122
2021-10-14 11_32_14.jpg,133
2021-10-14 11_32_35.jpg,137
2021-10-14 11_32_56.jpg,122
2021-10-14 11_33_17.jpg,137
2021-10-14 11_33_44.jpg,122
2021-10-14 11_34_06.jpg,158
2021-10-14 11_34_27.jpg,144
2021-10-14 11_34_49.jpg,166
2021-10-14 11_35_10.jpg,135
2021-10-14 11_35_37.jpg,138
2021-10-14 11_35_59.jpg,137
2021-10-14 11_36_26.jpg,147
2021-10-14 11_36_54.jpg,185
2021-10-14 11_37_21.jpg,138
2021-10-14 11_37_49.jpg,139
2021-10-14 11_38_10.jpg,163
2021-10-14 11_38_36.jpg,197
2021-10-14 11_38_57.jpg,186
2021-10-14 11_39_18.jpg,187
2021-10-14 11_39_39.jpg,147
2021-10-14 11_40_00.jpg,164
2021-10-14 11_40_27.jpg,136
2021-10-14 11_40_48.jpg,124
2021-10-14 11_41_09.jpg,120
2021-10-14 11_41_30.jpg,106
2021-10-14 11_41_57.jpg,120
2021-10-14 11_42_25.jpg,102
