test_img_0100.jpg,244.0,0.6639344262022977,0.6982758620388674,1.0558018684387207,242.0,0.6818181817900075,0.7112068965210686,1.1976087093353271
test_img_0287.jpg,271.0,0.5867158671370215,0.6943231440744837,0.07483100891113281,260.0,0.5846153845928994,0.6637554584862989,0.11360907554626465
test_img_0292.jpg,358.0,0.5614525139507974,0.7730769230471893,0.0734400749206543,359.0,0.5849582172539008,0.8076923076612426,0.13627910614013672
test_img_0289.jpg,298.0,0.7214765100429035,0.8565737051451564,0.07264304161071777,281.0,0.7580071174107471,0.848605577655434,0.1145637035369873
test_img_0290.jpg,535.0,0.727102803724727,0.7009009008882721,0.07287740707397461,527.0,0.7324478178229137,0.6954954954829641,0.14665579795837402
test_img_0301.jpg,263.0,0.5931558935135682,0.757281553361297,0.10286998748779297,218.0,0.6743119265745728,0.7135922329750684,0.17635893821716309
test_img_0299.jpg,187.0,0.6844919785730218,0.7757575757105601,0.1027371883392334,166.0,0.7289156626066918,0.7333333332888888,0.15610694885253906
test_img_0286.jpg,939.0,0.7752928647414772,0.7794432548096419,0.10341119766235352,934.0,0.790149892925159,0.790149892925159,0.2656898498535156
test_img_0013.jpg,1775.0,0.5369014084476794,0.6253280839853982,0.16872930526733398,1684.0,0.5659144893078034,0.6253280839853982,0.6315443515777588
test_img_0191.jpg,548.0,0.6313868613023469,0.6503759398373989,0.10541176795959473,505.0,0.6930693069169689,0.6578947368297388,0.3159217834472656
test_img_0332.jpg,849.0,0.6878680800861264,0.7604166666567654,0.09989786148071289,763.0,0.6815203145389054,0.6770833333245171,0.2985060214996338
test_img_0278.jpg,629.0,0.6438791732807014,0.783365570584461,0.10327458381652832,607.0,0.6738056013068565,0.7911025144914681,0.26154351234436035
test_img_0281.jpg,1292.0,0.6176470588187489,0.9182968929698699,0.10385012626647949,1274.0,0.6295133437941169,0.9228998849145811,0.34938883781433105
test_img_0099.jpg,247.0,0.5627530364144634,0.4572368420902225,0.1021261215209961,252.0,0.5753968253739922,0.4769736841948364,0.21565890312194824
test_img_0121.jpg,188.0,0.5957446808193753,0.7466666666168889,0.11381673812866211,171.0,0.6140350876833898,0.6999999999533333,0.18327569961547852
test_img_0194.jpg,194.0,0.5824742267740992,0.7106918238546734,0.10919308662414551,159.0,0.7044025156789684,0.7044025156789684,0.1882646083831787
test_img_0252.jpg,260.0,0.6769230768970415,0.5176470588083045,0.10294675827026367,250.0,0.69599999997216,0.511764705867301,0.2922403812408447
test_img_0175.jpg,123.0,0.7479674796139865,0.7863247862575791,0.10379672050476074,122.0,0.7377049179723193,0.7692307691650231,0.1909792423248291
test_img_0329.jpg,122.0,0.8442622950127654,0.10751565761891946,0.1048431396484375,86.0,0.779069767351271,0.06993736951910295,0.2007911205291748
test_img_0128.jpg,292.0,0.7739726027132201,0.27935723114611427,0.10242176055908203,334.0,0.7664670658453153,0.3164400494398462,0.25838518142700195
test_img_0106.jpg,667.0,0.8605697151295267,0.39750692520500347,0.1017298698425293,750.0,0.8439999999887466,0.4383656509664933,0.2532510757446289
test_img_0302.jpg,450.0,0.6555555555409877,0.9365079364782061,0.10627532005310059,379.0,0.7651715039375944,0.9206349206056941,0.3285646438598633
test_img_0195.jpg,265.0,0.5396226414890708,0.6777251184512926,0.16591763496398926,231.0,0.6190476190208204,0.6777251184512926,0.3244290351867676
test_img_0242.jpg,269.0,0.5873605947737041,0.6638655461905939,0.16612005233764648,232.0,0.6379310344552616,0.6218487394696702,0.3231699466705322
test_img_0305.jpg,777.0,0.5740025739951866,0.6830015313831087,0.1599717140197754,777.0,0.5714285714212172,0.6799387442468616,0.6022675037384033
test_img_0102.jpg,282.0,0.549645390051431,0.5871212120989726,0.15818357467651367,258.0,0.6007751937751638,0.5871212120989726,0.3233497142791748
test_img_0280.jpg,573.0,0.7801047120282704,0.8010752688028481,0.16040921211242676,560.0,0.812499999985491,0.8154121863653152,0.4416494369506836
test_img_0103.jpg,436.0,0.5688073394364952,0.4920634920537289,0.16673493385314941,601.0,0.5108153078118001,0.6091269841148983,0.41361331939697266
test_img_0177.jpg,315.0,0.5777777777594356,0.6691176470342236,0.16522645950317383,272.0,0.6139705882127217,0.6139705882127217,0.3145267963409424
test_img_0328.jpg,683.0,0.5929721815432947,0.9529411764481661,0.10278606414794922,594.0,0.67508417507281,0.9435294117425052,0.25910425186157227
test_img_0312.jpg,363.0,0.3966942148651048,0.5353159851102113,0.16872096061706543,308.0,0.4577922077773444,0.5241635687537486,0.4225468635559082
test_img_0031.jpg,359.0,0.6155988857767243,0.5637755101896996,0.17802667617797852,324.0,0.6543209876341258,0.5408163265168159,0.4014890193939209
test_img_0143.jpg,1270.0,0.44645669290987045,0.701732673258642,0.17120909690856934,1143.0,0.49168853892833175,0.6955445544468373,0.5970480442047119
test_img_0334.jpg,2046.0,0.691104594327023,0.9395348837146875,0.170820951461792,2025.0,0.7027160493792459,0.9455149501598306,0.5671672821044922
test_img_0026.jpg,186.0,0.3870967741727367,0.6428571427997449,0.2291431427001953,151.0,0.47682119202140255,0.6428571427997449,0.3311326503753662
test_img_0202.jpg,214.0,0.5607476635251987,0.13937282229803283,0.18105101585388184,256.0,0.5664062499778747,0.16840882694345635,0.3324906826019287
test_img_0155.jpg,1022.0,0.6722113502869647,0.8149466192074146,0.1670534610748291,955.0,0.6952879581079028,0.7876631079384618,0.4685344696044922
test_img_0291.jpg,470.0,0.4978723404149389,0.6610169491338695,0.1656651496887207,362.0,0.5883977900389945,0.6016949152372403,0.3915419578552246
test_img_0010.jpg,673.0,0.5690936106899095,0.6802841918174017,0.16862225532531738,701.0,0.5677603423599463,0.7069271758311381,0.5283136367797852
test_img_0012.jpg,534.0,0.5056179775186214,0.6249999999855324,0.1728839874267578,501.0,0.5149700598699607,0.5972222222083976,0.4847075939178467
test_img_0134.jpg,153.0,0.3594771241595113,0.3666666666422222,0.1773087978363037,158.0,0.36075949364805315,0.37999999997466666,0.3933541774749756
test_img_0017.jpg,233.0,0.2918454935497062,0.35789473682326867,0.16594243049621582,205.0,0.3170731707162403,0.3421052631398892,0.47611451148986816
test_img_0115.jpg,411.0,0.5766423357523931,0.8257839720966625,0.17437458038330078,381.0,0.6299212598259863,0.8362369337687722,0.3443422317504883
test_img_0243.jpg,284.0,0.595070422514258,0.5888501741955104,0.16277813911437988,259.0,0.6370656370410399,0.5749128919660309,0.3999781608581543
test_img_0257.jpg,1307.0,0.8408569242475834,0.4662706830697231,0.1687614917755127,1244.0,0.871382636648944,0.45990666100780697,0.7717549800872803
test_img_0285.jpg,772.0,0.5945595854845265,0.7927461139759456,0.1696927547454834,677.0,0.6646971934909203,0.7772020725254369,0.481264591217041
test_img_0054.jpg,658.0,0.5288753799311721,0.5848739495700022,0.16395092010498047,602.0,0.5215946843767177,0.5277310924281053,0.4715297222137451
test_img_0238.jpg,199.0,0.47236180902148933,0.5529411764380623,0.17568540573120117,166.0,0.5421686746661344,0.5294117646747405,0.3234407901763916
test_img_0239.jpg,336.0,0.6279761904575007,0.6895424836375966,0.17752528190612793,316.0,0.6518987341565855,0.6732026143570848,0.3920772075653076
test_img_0235.jpg,220.0,0.43636363634380165,0.76799999993856,0.22878813743591309,195.0,0.4974358974103879,0.77599999993792,0.3406791687011719
test_img_0236.jpg,339.0,0.5368731563263459,0.6867924528042719,0.21984124183654785,295.0,0.6067796609963804,0.675471698087718,0.49539852142333984
test_img_0011.jpg,634.0,0.5236593059854312,0.6171003717357416,0.16447186470031738,593.0,0.5430016863314839,0.5985130111412915,0.48955774307250977
test_img_0267.jpg,1563.0,0.3026231605866755,0.4307832422547288,0.22087311744689941,1479.0,0.3123732251500178,0.4207650273185723,0.7413344383239746
test_img_0268.jpg,1148.0,0.36324041811530283,0.30086580086363013,0.2904984951019287,1128.0,0.3714539007059269,0.30230880230662116,0.7823014259338379
test_img_0309.jpg,656.0,0.5106707316995325,0.507575757568067,0.16474461555480957,454.0,0.5484581497676551,0.377272727267011,0.5196075439453125
test_img_0110.jpg,623.0,0.5585874799268284,0.7565217391139887,0.1747591495513916,591.0,0.5651438240175103,0.7260869565059547,0.5120327472686768
test_img_0282.jpg,619.0,0.5735056542718335,0.6206293706185204,0.16910076141357422,572.0,0.5716783216683273,0.5716783216683273,0.5343437194824219
test_img_0321.jpg,3130.0,0.6968051118188601,0.8844282238406957,0.16310381889343262,3099.0,0.7141013230051175,0.897404703970408,0.840796947479248
test_img_0081.jpg,152.0,0.348684210503376,0.4453781512230775,0.22865653038024902,129.0,0.3565891472591791,0.38655462181625594,0.319058895111084
test_img_0003.jpg,530.0,0.4264150943315771,0.6457142856958367,0.24388933181762695,475.0,0.4505263157799889,0.6114285714111021,0.48660731315612793
test_img_0263.jpg,355.0,0.46478873238127355,0.6395348836961421,0.23233723640441895,324.0,0.45987654319568283,0.5775193798225767,0.4572715759277344
test_img_0310.jpg,615.0,0.6471544715341926,0.6218749999902832,0.16254019737243652,591.0,0.6666666666553863,0.6156249999903809,0.39192867279052734
test_img_0219.jpg,590.0,0.5355932203299052,0.592870544078933,0.28240275382995605,524.0,0.5438931297606128,0.5347091932357465,0.7637462615966797
test_img_0120.jpg,1204.0,0.5299003322215124,0.8428005283904517,0.23313236236572266,1090.0,0.589908256875322,0.8494055482054239,0.7318639755249023
test_img_0279.jpg,834.0,0.5503597122236168,0.8225806451465487,0.16477513313293457,776.0,0.5863402061780111,0.8154121863653152,0.4526705741882324
test_img_0039.jpg,102.0,0.25490196075932336,0.2954545454209711,0.25408148765563965,80.0,0.324999999959375,0.2954545454209711,0.32396888732910156
test_img_0040.jpg,230.0,0.447826086937051,0.51499999997425,0.25179457664489746,207.0,0.4879227052904385,0.50499999997475,0.5198009014129639
test_img_0044.jpg,206.0,0.32038834949901024,0.3928571428337585,0.2526068687438965,169.0,0.3550295857778089,0.3571428571215986,0.5027482509613037
test_img_0209.jpg,168.0,0.22619047617701246,0.27338129494436103,0.23371458053588867,111.0,0.2972972972705138,0.23741007192536617,0.4164407253265381
test_img_0274.jpg,469.0,0.5735607675783889,0.5912087911957976,0.23213458061218262,428.0,0.6495327102651979,0.6109890109755827,0.6474111080169678
test_img_0068.jpg,382.0,0.5890052355866753,0.621546961308797,0.24774789810180664,347.0,0.608069164247606,0.5828729281606941,0.5021481513977051
test_img_0174.jpg,266.0,0.3909774435943241,0.40624999998413086,0.23816657066345215,184.0,0.42391304345522207,0.30468749998809813,0.5157592296600342
test_img_0080.jpg,427.0,0.4379391100600014,0.5404624277300444,0.2395327091217041,358.0,0.49720670389672605,0.5144508670371546,0.5955266952514648
test_img_0084.jpg,280.0,0.18571428570765305,0.16249999999492187,0.2384016513824463,210.0,0.19523809522879818,0.12812499999599608,0.5208008289337158
test_img_0037.jpg,2216.0,0.7265342960256023,0.6396503774309112,0.29564332962036133,2020.0,0.7623762376199883,0.6118394914556542,0.9713602066040039
test_img_0333.jpg,1089.0,0.309458218546286,0.5616666666573056,0.18184781074523926,1080.0,0.29999999999722227,0.539999999991,0.6395277976989746
test_img_0028.jpg,602.0,0.519933554808639,0.7747524752283477,0.30192995071411133,529.0,0.5671077504618695,0.742574257407362,0.5458052158355713
test_img_0092.jpg,691.0,0.6121562952154536,0.6588785046626343,0.43332529067993164,632.0,0.661392405052826,0.6510903426689861,0.9112229347229004
test_img_0275.jpg,1132.0,0.6139575971677212,0.651969981232158,0.4309659004211426,1076.0,0.6598513011091093,0.6660412757911254,1.1037540435791016
test_img_0093.jpg,1299.0,0.7698229407177074,0.5200208008293291,0.4199857711791992,1287.0,0.7933177933116293,0.5309412376467451,0.9236195087432861
test_img_0111.jpg,31.0,0.4838709675858481,0.0955414012677999,0.42568016052246094,47.0,0.4255319148030783,0.1273885350237332,0.5204002857208252
test_img_0201.jpg,755.0,0.49006622515907194,0.51748251747528,0.4406301975250244,548.0,0.5510948905008924,0.422377622371715,0.7998461723327637
test_img_0324.jpg,643.0,0.39968895800311527,0.3972179288964881,0.4251842498779297,563.0,0.470692717576009,0.4095826893290636,0.8694462776184082
test_img_0119.jpg,640.0,0.6671874999895752,0.59553695954539,0.42983174324035645,632.0,0.6724683544197394,0.5927475592664889,0.770662784576416
test_img_0265.jpg,225.0,0.47111111109017284,0.43442622949039233,0.44217872619628906,196.0,0.5255102040548209,0.42213114752368314,0.7154026031494141
test_img_0212.jpg,132.0,0.3333333333080808,0.20370370369427296,0.45151329040527344,112.0,0.41964285710538907,0.21759259258251884,0.7124984264373779
test_img_0266.jpg,4842.0,0.46964064436086406,0.628524046432757,0.4432210922241211,4392.0,0.4906648451719247,0.5956329463775687,1.3516559600830078
test_img_0269.jpg,3582.0,0.49999999999860417,0.5442114858689024,0.4200282096862793,3964.0,0.49974772956483415,0.6019446976584566,1.4413330554962158
test_img_0271.jpg,670.0,0.7298507462577634,0.5457589285653375,0.42676568031311035,727.0,0.7001375515722127,0.568080357136517,0.8191466331481934
test_img_0270.jpg,14.0,0.07142857137755101,0.0036231884056658263,0.4299447536468506,7.0,0.14285714265306124,0.0036231884056658263,0.6473753452301025
test_img_0101.jpg,137.0,0.18248175181149767,0.14534883720085182,0.4522840976715088,126.0,0.22222222220458554,0.16279069766495402,0.6486845016479492
test_img_0304.jpg,4261.0,0.42384416803467767,0.7008149010450104,0.4529249668121338,4155.0,0.44211793020350876,0.7128443927019292,1.5726821422576904
test_img_0022.jpg,632.0,0.2373417721481433,0.3144654087984389,0.4384794235229492,476.0,0.2394957983142963,0.23899371068681355,0.8005249500274658
test_img_0072.jpg,284.0,0.38380281688789425,0.45606694558761224,0.6507894992828369,259.0,0.3745173745029144,0.40585774056879254,1.0974493026733398
test_img_0215.jpg,1077.0,0.5654596100226049,0.5838926174440663,0.4185914993286133,999.0,0.6036036035975615,0.5781399808190016,0.9353311061859131
test_img_0325.jpg,2722.0,0.3739897134446217,0.6180935033356522,0.44226980209350586,2611.0,0.389888931442398,0.6180935033356522,1.4247665405273438
test_img_0006.jpg,547.0,0.5539305301544071,0.6949541284244276,0.4252128601074219,506.0,0.5948616600672952,0.6903669724612301,0.8260729312896729
test_img_0234.jpg,218.0,0.4128440366783099,0.3688524590012765,0.42984819412231445,195.0,0.45641025638685073,0.36475409834570677,0.8149099349975586
test_img_0122.jpg,515.0,0.38640776698278817,0.4020202020120804,0.486433744430542,416.0,0.4663461538349436,0.39191919191127433,1.0384907722473145
test_img_0030.jpg,463.0,0.5637149027956001,0.7111716621059626,0.4560232162475586,387.0,0.6485788113527499,0.6839237057034353,0.8876986503601074
test_img_0070.jpg,177.0,0.44632768359060293,0.34199134197653713,0.4289286136627197,140.0,0.49285714282193877,0.2987012986883679,0.7486119270324707
test_img_0041.jpg,1132.0,0.5424028268503321,0.6442812172020537,0.4781382083892822,1035.0,0.5787439613470653,0.6285414480521664,0.8443071842193604
test_img_0051.jpg,170.0,0.352941176449827,0.320855614956104,0.45090770721435547,155.0,0.36774193546014566,0.30481283420829874,0.7489655017852783
test_img_0060.jpg,283.0,0.5512367490971294,0.690265486695121,0.4727766513824463,248.0,0.6209677419104448,0.6814159291733887,0.7450804710388184
test_img_0047_4k.jpg,225.0,0.2622222222105679,0.589999999941,0.438793420791626,157.0,0.36305732481763964,0.569999999943,0.5633115768432617
test_img_0203.jpg,466.0,0.43776824033395345,0.5589041095737286,0.5009100437164307,384.0,0.49479166665378144,0.5205479451912178,0.8719995021820068
test_img_0204.jpg,443.0,0.5011286681602454,0.42774566473164266,0.4877359867095947,421.0,0.5368171021250162,0.4354527938259065,0.8442080020904541
test_img_0205.jpg,667.0,0.6011994002908366,0.5194300518067432,0.4768648147583008,629.0,0.6422893481614899,0.5233160621693871,0.9219603538513184
test_img_0046.jpg,118.0,0.20338983049123815,0.1363636363558884,0.43016576766967773,104.0,0.17307692306028108,0.10227272726691632,0.710791826248169
test_img_0082.jpg,243.0,0.41975308640247927,0.3081570996885753,0.446286678314209,211.0,0.4454976303106399,0.28398791539927526,0.6426503658294678
test_img_0096_4k.jpg,97.0,0.38144329892974815,0.34579439249104726,0.4352610111236572,97.0,0.42268041232755876,0.38317757005764697,0.5734026432037354
test_img_0326.jpg,125.0,0.14399999998848,0.11042944784598592,0.46407127380371094,76.0,0.19736842102666208,0.09202453987165493,0.7666976451873779
test_img_0180.jpg,1214.0,0.5626029653989901,0.5257890685101941,0.48033928871154785,1191.0,0.5843828715316173,0.5357967667395244,1.1062898635864258
test_img_0188.jpg,202.0,0.36138613859597096,0.26739926738947256,0.5250725746154785,171.0,0.40935672512225985,0.25641025640086407,0.9485046863555908
test_img_0250_4k.jpg,50.0,0.379999999924,0.2923076922627219,0.43999481201171875,35.0,0.5142857141387756,0.2769230768804734,0.56685471534729
test_img_0038.jpg,394.0,0.4263959390754722,0.5753424657337212,0.5518312454223633,342.0,0.4590643274719572,0.5376712328582989,0.9517538547515869
test_img_0170_4k.jpg,99.0,0.20202020199979595,0.13698630136048037,0.4186685085296631,110.0,0.1999999999818182,0.15068493149652842,0.7141666412353516
test_img_0283.jpg,100.0,0.419999999958,0.17427385891393055,0.5554425716400146,130.0,0.2846153845934911,0.15352697094798642,0.8545756340026855
test_img_0125.jpg,1294.0,0.48377125192825526,0.5016025640985449,0.5725691318511963,1035.0,0.563285024149147,0.4671474358936928,1.4707005023956299
test_img_0091.jpg,563.0,0.5772646536309545,0.5142405063209772,0.5603072643280029,539.0,0.5881261595438195,0.5015822784730762,1.1616489887237549
test_img_0007_4k.jpg,78.0,0.46153846147928995,0.4675324674717491,0.3218348026275635,61.0,0.5901639343294813,0.4675324674717491,0.4142014980316162
test_img_0150.jpg,516.0,0.540697674408126,0.7081218273931948,0.4305243492126465,505.0,0.5425742574149985,0.6954314720635677,0.9381356239318848
test_img_0218.jpg,882.0,0.4160997732379127,0.5183615819135825,0.49615001678466797,805.0,0.4372670807399097,0.4971751412359156,0.9403090476989746
test_img_0307.jpg,871.0,0.3719862227282206,0.30195712954052234,0.4564042091369629,909.0,0.3432343234285673,0.29077353215013263,0.996239423751831
test_img_0193.jpg,115.0,0.17391304346313802,0.09523809523356008,0.7343807220458984,69.0,0.1884057970741441,0.06190476190181406,1.081498622894287
test_img_0231.jpg,625.0,0.3455999999944704,0.3214285714237883,0.7298002243041992,494.0,0.37449392711792523,0.27529761904352235,1.2200579643249512
test_img_0053.jpg,1080.0,0.46296296295867634,0.5263157894681441,0.7485928535461426,1023.0,0.4887585532699046,0.5263157894681441,1.4420254230499268
test_img_0330.jpg,1997.0,0.3309964947404557,0.39867310011822277,0.7565829753875732,1763.0,0.3601815087897891,0.3829915560893668,1.9295692443847656
test_img_0197_4k.jpg,253.0,0.42292490116905435,0.6564417177511385,0.32419753074645996,242.0,0.42148760328836826,0.6257668711272535,0.6175305843353271
test_img_0245.jpg,325.0,0.5692307692132544,0.600649350629849,0.761850118637085,297.0,0.6060606060402,0.5844155843966099,1.0097103118896484
test_img_0049.jpg,2627.0,0.6003045298797096,0.6361436062902939,0.7514686584472656,2385.0,0.6264150943369962,0.6026623638539627,1.8703606128692627
test_img_0066.jpg,2640.0,0.6253787878764191,0.5551445864137352,0.7886571884155273,2304.0,0.647135416663858,0.5013449899108899,1.5287976264953613
test_img_0116.jpg,1043.0,0.3604985618373874,0.4973544973479186,0.7503368854522705,801.0,0.4157303370734615,0.44047619047036407,1.4390106201171875
test_img_0133.jpg,1135.0,0.5647577092461256,0.6819148936097669,0.7495687007904053,1011.0,0.601384767550926,0.646808510631417,1.1988937854766846
test_img_0255.jpg,4660.0,0.6725321888397585,0.7948262744083316,0.8967945575714111,4409.0,0.7058289861630623,0.7892467664195049,2.661022186279297
test_img_0189_4k.jpg,180.0,0.47222222219598764,0.7024793387849191,0.45612645149230957,163.0,0.5214723926060446,0.7024793387849191,0.6090035438537598
test_img_0058.jpg,5086.0,0.590247738889913,0.6669628971324885,1.3067848682403564,5067.0,0.6039076376542256,0.6798489224601647,3.2998247146606445
test_img_0317.jpg,1016.0,0.37893700787028606,0.47766749379059964,0.8866782188415527,923.0,0.3932827735602028,0.45037220843113684,1.6612005233764648
test_img_0276.jpg,167.0,0.07784431137258417,0.04318936876932926,0.8723101615905762,119.0,0.0672268907506532,0.026578073088818002,1.3031084537506104
test_img_0131.jpg,372.0,0.5752688171888368,0.45435244160394156,0.9084782600402832,351.0,0.5897435897267879,0.4394904458505416,1.3585984706878662
test_img_0135.jpg,252.0,0.44444444442680775,0.3601286173517643,0.854149341583252,252.0,0.44444444442680775,0.3601286173517643,1.2780709266662598
test_img_0077_4k.jpg,217.0,0.2350230414638238,0.2524752475122537,0.41817688941955566,212.0,0.21698113206523673,0.2277227722659543,0.7918157577514648
test_img_0078.jpg,1404.0,0.5797720797679504,0.7307001795266544,0.9224083423614502,1351.0,0.5980754996254769,0.7253141831173671,1.4409596920013428
test_img_0079.jpg,2294.0,0.6255448997357212,0.7340153452647877,0.9343216419219971,2224.0,0.6398381294935259,0.7278772378479393,1.9413084983825684
test_img_0085.jpg,180.0,0.11666666666018519,0.07553956834260649,0.9333236217498779,137.0,0.13868613137673824,0.06834532373854872,1.6452162265777588
test_img_0001.jpg,1315.0,0.16425855513183074,0.22199383350234334,0.7466301918029785,1188.0,0.18771043770885767,0.22918807810658592,1.9168064594268799
test_img_0141_4k.jpg,180.0,0.43888888886450617,0.4647058823256055,0.31970930099487305,154.0,0.4610389610090234,0.4176470587989619,0.5804901123046875
test_img_0237_4k.jpg,147.0,0.23809523807904112,0.19886363635233728,0.3248403072357178,158.0,0.23417721517505205,0.21022727271532798,0.5424563884735107
test_img_0253_4k.jpg,259.0,0.42084942083317184,0.6770186334983218,0.45062994956970215,211.0,0.4739336492666382,0.6211180123837815,0.6787717342376709
test_img_0124.jpg,734.0,0.6103542234249271,0.594953519248407,0.8695144653320312,727.0,0.64374140301728,0.6215139442148537,1.5148446559906006
test_img_0132.jpg,150.0,0.16666666665555555,0.08561643835323231,0.8964548110961914,120.0,0.13333333332222222,0.05479452054606868,1.2521944046020508
test_img_0327.jpg,2028.0,0.33234714003780896,0.48246241946684,0.8891890048980713,1941.0,0.3462132921156816,0.4810307802399354,2.395664691925049
test_img_0186_4k.jpg,195.0,0.3538461538280079,0.44230769227933925,0.45766377449035645,173.0,0.37572254333088306,0.4166666666399572,0.7207398414611816
test_img_0206.jpg,3149.0,0.6030485868510541,0.6653819201097919,0.8749911785125732,3022.0,0.6336863004611725,0.6709880868932341,2.262005090713501
test_img_0220.jpg,2854.0,0.6412053258561976,0.669838945824781,0.9091417789459229,2630.0,0.6806083650164235,0.6551976573914524,2.6620371341705322
test_img_0262.jpg,571.0,0.3047285464044706,0.3169398907046095,0.9893100261688232,613.0,0.29526916802128433,0.3296903460777834,1.6096618175506592
test_img_0207.jpg,443.0,0.5124153498755663,0.4945533768955435,0.8718676567077637,403.0,0.5558312654948925,0.48801742918326757,1.220142126083374
test_img_0229.jpg,1144.0,0.3496503496472933,0.5763688760723866,0.8957962989807129,1018.0,0.3703339882085429,0.5432276656982243,1.784914493560791
test_img_0062.jpg,1755.0,0.3726495726474493,0.24914285714190804,1.4185476303100586,578.0,0.4584775086425869,0.10095238095199638,3.6150026321411133
test_img_0303.jpg,2145.0,0.4731934731912672,0.4745208041118536,0.9034290313720703,2203.0,0.4620971402611798,0.47592332865602655,2.421231269836426
test_img_0112.jpg,1609.0,0.4120571783690985,0.5725388600986828,0.922940731048584,1405.0,0.45551601423163335,0.5526770293561946,1.5383613109588623
test_img_0296.jpg,1130.0,0.44336283185448355,0.37584396098742806,0.9379162788391113,1004.0,0.485059760951344,0.36534133533109275,1.9063341617584229
test_img_0127.jpg,397.0,0.5692695213962401,0.5580246913442463,1.1093335151672363,361.0,0.601108033224346,0.5358024691225728,1.885497808456421
test_img_0114.jpg,874.0,0.5125858123511146,0.566371681408769,1.2476940155029297,761.0,0.5795006570226084,0.557522123886757,2.4076106548309326
test_img_0284.jpg,346.0,0.2976878612630726,0.27762803233753025,1.2662317752838135,334.0,0.3443113772352003,0.30997304581374735,1.9674558639526367
test_img_0064.jpg,1615.0,0.7207430340512648,0.8635014836731195,1.0918025970458984,1512.0,0.7566137566087526,0.8486646884210041,2.3631341457366943
test_img_0109.jpg,367.0,0.514986376007766,0.4315068493052167,1.0804574489593506,318.0,0.6100628930625767,0.44292237441911136,1.5511996746063232
test_img_0144.jpg,572.0,0.44405594404818083,0.5812356979272029,1.0935540199279785,545.0,0.4513761467807087,0.5629290617720153,1.7455041408538818
test_img_0293.jpg,2045.0,0.48997555011985344,0.7026647966290136,1.0622217655181885,1893.0,0.5240359218144531,0.6956521739081651,1.9515047073364258
test_img_0313.jpg,648.0,0.28086419752652986,0.3999999999912088,1.0952789783477783,563.0,0.314387211362089,0.3890109890024393,1.694380760192871
test_img_0314.jpg,948.0,0.3691983122323924,0.42839657282217386,1.0684897899627686,966.0,0.3695652173874786,0.4369645042786173,1.6920301914215088
test_img_0319.jpg,1129.0,0.5039858281620551,0.6198257080542503,1.129612684249878,911.0,0.585071350158232,0.5806100217801676,1.8567523956298828
test_img_0149.jpg,483.0,0.6190476190348023,0.7706185566811696,1.0648822784423828,448.0,0.6540178571282586,0.755154639155795,1.6460011005401611
test_img_0165_4k.jpg,211.0,0.32227488150131395,0.34517766495709756,0.4167656898498535,210.0,0.3190476190324263,0.34010152282537554,0.8049032688140869
test_img_0166.jpg,2360.0,0.510169491523262,0.5234782608672892,1.2834093570709229,2230.0,0.5264573991007783,0.5104347826064763,3.497525453567505
test_img_0167.jpg,4303.0,0.677666744130426,0.6991129225588609,1.264094591140747,4134.0,0.6959361393306823,0.6897626468456252,3.140287399291992
test_img_0168_4k.jpg,111.0,0.16216216214755297,0.13138686130427832,0.4164752960205078,93.0,0.15053763439241533,0.1021897810144387,0.6346659660339355
test_img_0264_4k.jpg,263.0,0.49049429655929677,0.589041095863514,0.3220198154449463,215.0,0.5348837209053542,0.5251141552271638,0.6046242713928223
test_img_0147_4k.jpg,83.0,0.18072289154449123,0.11111111110288065,0.4175076484680176,76.0,0.15789473682132965,0.08888888888230452,0.5812540054321289
test_img_0298_4k.jpg,360.0,0.4194444444327932,0.5335689045747856,0.41389012336730957,330.0,0.45454545453168044,0.5300353356703168,0.7584965229034424
test_img_0240_4k.jpg,298.0,0.7214765100429035,0.6554878048580643,0.40878915786743164,274.0,0.7408759123817198,0.6189024390055212,0.6742682456970215
test_img_0156.jpg,2233.0,0.418719211820785,0.4552093476121947,1.2694363594055176,1916.0,0.45354906054043037,0.42307692307486333,2.534095048904419
test_img_0272.jpg,1297.0,0.19275250578108905,0.14005602240817897,1.399165153503418,881.0,0.20431328036090451,0.10084033613388886,3.2104475498199463
test_img_0159.jpg,282.0,0.4007092198439465,0.2435344827533721,1.4408164024353027,259.0,0.41698841697231703,0.23275862068463882,2.0117383003234863
test_img_0076.jpg,231.0,0.36796536794943874,0.17561983470711529,1.115708589553833,229.0,0.38427947596575196,0.18181818181442524,1.5439074039459229
test_img_0277_4k.jpg,216.0,0.5092592592356824,0.4280155641856803,0.4036295413970947,201.0,0.5621890546983985,0.43968871593619885,0.6563708782196045
test_img_0300_4k.jpg,159.0,0.251572327028203,0.1709401709328658,0.3199479579925537,147.0,0.3469387754866028,0.2179487179394039,0.5913717746734619
test_img_0306.jpg,2332.0,0.30746140651669185,0.2680373831765681,1.1266746520996094,2153.0,0.343241987922233,0.2762616822419579,2.308789014816284
test_img_0308.jpg,4370.0,0.3778032036604627,0.46651596496053543,1.136152982711792,4072.0,0.3951375245569864,0.4546482057065424,3.1695117950439453
test_img_0055_4k.jpg,461.0,0.5813449023735066,0.7507002800910167,0.414215087890625,409.0,0.6210268948503417,0.7114845938176054,0.7901651859283447
test_img_0199_4k.jpg,133.0,0.42857142853920516,0.21923076922233728,0.4188976287841797,195.0,0.3897435897236029,0.2923076922964497,0.7434654235839844
test_img_0316.jpg,370.0,0.4972972972838568,0.19106957424516022,1.2874338626861572,327.0,0.5749235473830299,0.19522326064179416,2.163141965866089
test_img_0323.jpg,2513.0,0.49621965777757177,0.6176324913292837,1.3056070804595947,2203.0,0.5501588742598722,0.6002971768172348,3.3904342651367188
test_img_0176_4k.jpg,324.0,0.5740740740563557,0.5705521472217622,0.420182466506958,261.0,0.6436781608948782,0.5153374232970755,0.7200596332550049
test_img_0178.jpg,523.0,0.4225621414833162,0.5538847117655668,1.2596004009246826,421.0,0.4988123515320947,0.5263157894604933,1.8079237937927246
test_img_0061_4k.jpg,130.0,0.18461538460118343,0.10212765957012222,0.41037702560424805,104.0,0.27884615381934175,0.12340425531389769,0.7147417068481445
test_img_0126_4k.jpg,321.0,0.4610591900167894,0.48844884486836804,0.4074056148529053,293.0,0.4914675767750352,0.4752475247367905,0.7676453590393066
test_img_0063.jpg,651.0,0.7265745007568882,0.41202090591975593,1.2626063823699951,559.0,0.7978533094669435,0.38850174215689465,1.7567384243011475
test_img_0320.jpg,2939.0,0.5103776794810807,0.626043405673514,1.3046598434448242,2568.0,0.5837227414307488,0.625626043403065,3.310750961303711
test_img_0073_4k.jpg,536.0,0.26492537312938574,0.29583333332717016,1.4284167289733887,500.0,0.25399999999492,0.2645833333278212,2.0794553756713867
test_img_0097.jpg,1055.0,0.0018957345971384292,0.00466200466189599,1.319411039352417,1020.0,0.0029411764705594002,0.006993006992843985,1.8679916858673096
test_img_0241_4k.jpg,256.0,0.5039062499803162,0.626213592202611,0.31871747970581055,216.0,0.5694444444180813,0.5970873786117918,0.5106005668640137
test_img_0251_4k.jpg,257.0,0.2568093385114082,0.3626373626174375,0.3128242492675781,214.0,0.29906542054677265,0.3516483516290303,0.4690864086151123
test_img_0331.jpg,3688.0,0.3809652928406156,0.5435203094756537,1.2549655437469482,3109.0,0.42200064329230624,0.5075435203075144,3.8099143505096436
test_img_0318.jpg,2164.0,0.31469500924068994,0.42615769711873497,1.5844252109527588,1927.0,0.3269330565629116,0.3942428035019134,3.1669397354125977
test_img_0208_4k.jpg,186.0,0.27419354837235516,0.2512315270812201,0.4224429130554199,163.0,0.2638036809654108,0.21182266008808753,0.7858412265777588
test_img_0247_4k.jpg,332.0,0.34337349396556105,0.5377358490312388,0.42032742500305176,279.0,0.4050179211324366,0.5330188678993859,0.73663330078125
test_img_0016.jpg,658.0,0.4908814589591051,0.3822485207055355,1.4387731552124023,627.0,0.502392344489595,0.3727810650843458,2.069251775741577
test_img_0104.jpg,2124.0,0.4463276836137179,0.6904588492302225,0.6820909976959229,2098.0,0.44566253574620757,0.6809905316774874,1.365332841873169
test_img_0105_4k.jpg,162.0,0.4382716049112178,0.42771084334772824,0.23324060440063477,162.0,0.3827160493590916,0.3734939758811148,0.4793877601623535
test_img_0192_4k.jpg,162.0,0.31481481479538176,0.2615384615250493,0.4134354591369629,165.0,0.36363636361432505,0.3076923076765286,0.7036824226379395
test_img_0083.jpg,644.0,0.41459627328548765,0.40090090089488134,1.6930887699127197,607.0,0.41845140032259553,0.3813813813756549,2.645369052886963
test_img_0098_4k.jpg,64.0,0.21874999996582034,0.056224899596135545,0.40392518043518066,90.0,0.2555555555271605,0.09236947790793697,0.7333698272705078
test_img_0137.jpg,780.0,0.35128205127754764,0.3663101604229103,1.6868276596069336,667.0,0.36881559219836857,0.3288770053431968,2.5581161975860596
test_img_0138.jpg,310.0,0.11612903225431842,0.05723370429161791,1.7089927196502686,245.0,0.12653061223973344,0.04928457869555986,2.729360580444336
test_img_0145_4k.jpg,160.0,0.3312499999792969,0.3312499999792969,0.40160560607910156,143.0,0.37762237759597045,0.33749999997890623,0.6720695495605469
test_img_0183.jpg,1947.0,0.559835644578532,0.6286043829260173,1.7405519485473633,1754.0,0.6117445838049502,0.6188004613574464,3.0481252670288086
test_img_0223.jpg,1247.0,0.3384121892514963,0.23237885462427105,1.7296738624572754,454.0,0.42951541849274194,0.10737885462495937,3.240658760070801
test_img_0226.jpg,1140.0,0.3140350877165436,0.21683827982909246,1.797764539718628,925.0,0.34702702702327537,0.19442761962329239,3.4230520725250244
test_img_0118.jpg,928.0,0.28771551723827893,0.2781249999971029,1.8103456497192383,883.0,0.2955832389547499,0.27187499999716797,3.4313290119171143
test_img_0161_4k.jpg,306.0,0.5522875816812978,0.5416666666493055,0.4282693862915039,291.0,0.5773195876090268,0.53846153844428,0.7271265983581543
test_img_0162_4k.jpg,307.0,0.4820846905380428,0.5323741007002742,0.41747593879699707,277.0,0.5234657039522215,0.5215827337941876,0.746121883392334
test_img_0163_4k.jpg,392.0,0.5586734693735033,0.5918918918758947,0.45383667945861816,357.0,0.5910364145492707,0.5702702702548575,0.7315707206726074
test_img_0172_4k.jpg,134.0,0.41044776116339937,0.49999999995454547,0.4101877212524414,120.0,0.41666666663194446,0.45454545450413225,0.5412602424621582
test_img_0200_4k.jpg,201.0,0.34328358207247345,0.23076923076151273,0.42479681968688965,169.0,0.37278106506669934,0.21070234113007683,0.8261384963989258
test_img_0288_4k.jpg,144.0,0.37499999997395833,0.2511627906859924,0.4407076835632324,106.0,0.39622641505695977,0.1953488372002163,0.7743659019470215
test_img_0311.jpg,832.0,0.20913461538210174,0.19290465631715184,1.7382848262786865,912.0,0.21162280701522343,0.21396895786902473,3.7493832111358643
test_img_0169_4k.jpg,286.0,0.2622377622285931,0.4491017963802933,0.43289661407470703,239.0,0.3138075313676231,0.4491017963802933,0.7183284759521484
test_img_0198_4k.jpg,115.0,0.5999999999478262,0.6699029125563202,0.43190646171569824,102.0,0.6470588234659747,0.6407766989669149,0.6522266864776611
test_img_0094_4k.jpg,78.0,0.2564102563773833,0.13793103447324612,0.42275476455688477,59.0,0.20338983047400172,0.08275862068394768,0.6552798748016357
test_img_0181_4k.jpg,346.0,0.5115606936268335,0.38311688310859054,1.2350451946258545,406.0,0.4802955664906331,0.4220779220687862,1.5997300148010254
test_img_0002.jpg,571.0,0.4553415061216227,0.2838427947567266,1.7213561534881592,434.0,0.5230414746423262,0.24781659388375746,2.430346727371216
test_img_0005_4k.jpg,206.0,0.286407766976388,0.5728155339249694,0.3145723342895508,128.0,0.42968749996643063,0.5339805824724291,0.4184868335723877
test_img_0108_4k.jpg,191.0,0.507853403114772,0.515957446781066,0.31597113609313965,157.0,0.5859872611091728,0.48936170210162966,0.45980000495910645
test_img_0171.jpg,490.0,0.32244897958525615,0.26289517470444435,1.7259106636047363,429.0,0.32167832167082333,0.2296173044886919,2.5157673358917236
test_img_0179.jpg,2055.0,0.5834549878317107,0.5959244532773563,1.6778631210327148,1860.0,0.6274193548353365,0.580019880712823,2.685819625854492
test_img_0187_4k.jpg,327.0,0.617737003039213,0.502487562176555,0.32357025146484375,269.0,0.7211895910512569,0.48258706466461226,0.6366145610809326
test_img_0196_4k.jpg,314.0,0.5159235668625501,0.5664335664137611,0.31061863899230957,266.0,0.5676691729109898,0.5279720279535673,0.5174624919891357
test_img_0151_4k.jpg,353.0,0.34560906514601675,0.1891472868187729,1.4189774990081787,309.0,0.34627831714089713,0.1658914728656451,1.9354588985443115
test_img_0216.jpg,393.0,0.2595419847262203,0.1728813559292732,2.034153699874878,263.0,0.24334600759531003,0.10847457626934788,2.8173983097076416
test_img_0008_4k.jpg,123.0,0.4634146341086655,0.6195652173239603,0.4119911193847656,96.0,0.593749999938151,0.6195652173239603,0.6191868782043457
test_img_0067_4k.jpg,314.0,0.6050955413820033,0.7509881422628067,0.44239377975463867,276.0,0.6521739130198487,0.7114624505647643,0.7755064964294434
test_img_0086_4k.jpg,187.0,0.22459893046927276,0.2399999999862857,0.4175455570220947,183.0,0.21311475408671504,0.22285714284440816,0.6931939125061035
test_img_0182_4k.jpg,287.0,0.5888501741955104,0.628252788080734,0.4384455680847168,280.0,0.5928571428359694,0.6171003717242713,0.6966226100921631
test_img_0248_4k.jpg,197.0,0.47208121825014815,0.4603960395811685,0.4410104751586914,166.0,0.5060240963550587,0.4158415841378296,0.6481983661651611
test_img_0148.jpg,854.0,0.4297423887537501,0.45030674846073243,1.4768245220184326,690.0,0.47681159419598823,0.4036809815901389,2.3934834003448486
test_img_0107_4k.jpg,337.0,0.2640949554817776,0.2664670658602854,0.4160292148590088,286.0,0.2972027971924055,0.25449101795645235,0.7775204181671143
test_img_0045_4k.jpg,237.0,0.3924050632745821,0.6078431372151736,0.417499303817749,222.0,0.4144144143957471,0.6013071895031825,0.6542432308197021
test_img_0146_4k.jpg,404.0,0.6683168316666258,0.6994818652668527,0.4372568130493164,376.0,0.6994680850877801,0.6813471502414159,0.7481930255889893
test_img_0214_4k.jpg,382.0,0.40314136124599104,0.3025540274989675,1.2602934837341309,346.0,0.43641618495848505,0.29666011787236424,1.864492654800415
test_img_0014_4k.jpg,335.0,0.34626865670608153,0.515555555532642,0.45752811431884766,270.0,0.4296296296137174,0.515555555532642,0.6932108402252197
test_img_0123_4k.jpg,226.0,0.15486725663031561,0.07291666666514757,1.245408535003662,160.0,0.149999999990625,0.04999999999895833,2.190054416656494
test_img_0157_4k.jpg,33.0,0.12121212117539026,0.008602150537449416,1.2663331031799316,10.0,0.0999999999,0.002150537634362354,1.4576177597045898
test_img_0158_4k.jpg,253.0,0.5177865612443563,0.5303643724481634,0.44022464752197266,233.0,0.536480686672254,0.5060728744734383,0.76963210105896
test_img_0221.jpg,1029.0,0.2837706511148322,0.17166372721827358,2.0146536827087402,742.0,0.32749326145111196,0.14285714285630302,4.314915180206299
test_img_0222.jpg,1513.0,0.3621943159262248,0.29257875066581646,2.007108449935913,1301.0,0.3935434281291811,0.2733582487972592,4.321808576583862
test_img_0224_4k.jpg,313.0,0.37699680509977646,0.3121693121610537,0.4169921875,268.0,0.4141791044621575,0.2936507936430251,0.7971982955932617
test_img_0225.jpg,168.0,0.2321428571290391,0.03310696095048297,2.017723560333252,152.0,0.2236842105115997,0.028862478777344124,2.916231155395508
test_img_0227.jpg,7.0,0.0,0.0,2.008577346801758,14.0,0.14285714275510203,0.003294892915925949,2.2174477577209473
test_img_0230.jpg,1555.0,0.3061093247568739,0.32850241545667014,1.9611570835113525,1181.0,0.35055038103005465,0.28571428571231394,3.9645044803619385
test_img_0261_4k.jpg,349.0,0.3438395415374258,0.35087719297219655,0.4361274242401123,283.0,0.3816254416826281,0.3157894736749769,0.8091409206390381
test_img_0185_4k.jpg,413.0,0.6464891041005693,0.5276679841792951,1.2347331047058105,385.0,0.6779220779044696,0.515810276669648,1.726599931716919
test_img_0018_4k.jpg,147.0,0.1632653061113425,0.17391304346565847,0.421952486038208,81.0,0.23456790120560891,0.13768115941031295,0.6303994655609131
test_img_0019_4k.jpg,204.0,0.16666666665849672,0.24999999998161762,0.44144344329833984,139.0,0.18705035969877334,0.1911764705741782,0.8335325717926025
test_img_0139_4k.jpg,692.0,0.2846820809207416,0.46572104017811533,1.2369625568389893,602.0,0.33056478404766504,0.4704491725657104,1.925584316253662
test_img_0322.jpg,370.0,0.28918918918137326,0.06670822942601803,2.1367878913879395,484.0,0.2665289256143279,0.08042394014912455,3.5552680492401123
test_img_0254.jpg,1068.0,0.450374531830989,0.583030303023236,2.0957436561584473,1005.0,0.48258706467181506,0.587878787871662,3.2962212562561035
test_img_0113.jpg,578.0,0.19896193771282072,0.09062253743033395,3.1214942932128906,416.0,0.18749999999549277,0.06146572103970477,4.800600051879883
test_img_0025_4k.jpg,354.0,0.5367231638266462,0.6012658227657827,0.3225977420806885,298.0,0.5738255033364488,0.5411392404892045,0.5700719356536865
test_img_0129_4k.jpg,367.0,0.5313351498492824,0.6290322580442248,0.32740330696105957,337.0,0.5519287833664116,0.5999999999806451,0.7313570976257324
test_img_0297_4k.jpg,320.0,0.41249999998710934,0.31132075470963866,1.0776615142822266,251.0,0.49003984061792666,0.29009433961579967,1.6068446636199951
test_img_0233_4k.jpg,346.0,0.43930635836880616,0.45921450149670046,0.45793890953063965,290.0,0.5275862068783591,0.46223564953286295,0.7248592376708984
test_img_0029_4k.jpg,561.0,0.47593582886852165,0.5946547884054643,1.2557053565979004,483.0,0.5424430641709639,0.5835189309446878,1.8571572303771973
test_img_0035.jpg,1324.0,0.34365558912127153,0.451837140015374,2.1509900093078613,1091.0,0.4097158570081603,0.44389275074037843,4.234948635101318
test_img_0036_4k.jpg,287.0,0.5470383275070718,0.51986754965166,0.42836713790893555,270.0,0.5629629629421125,0.5033112582614797,0.7634501457214355
test_img_0057_4k.jpg,469.0,0.334754797434227,0.22919708028862484,1.2635533809661865,471.0,0.3142250530718848,0.2160583941574298,2.2412052154541016
test_img_0153.jpg,645.0,0.3891472868156721,0.3934169278935201,1.0281651020050049,663.0,0.35746606334302466,0.37147335422615246,1.3626787662506104
test_img_0117_4k.jpg,637.0,0.2543171114559762,0.22131147540681267,1.3443939685821533,613.0,0.27895595431845094,0.23360655737385783,2.6784589290618896
test_img_0059_4k.jpg,126.0,0.12698412697404887,0.03563474387448475,1.2614293098449707,67.0,0.11940298505680554,0.017817371937242376,1.9683756828308105
test_img_0213_4k.jpg,352.0,0.5312499999849076,0.7083333333065025,0.4233875274658203,302.0,0.6192052979927415,0.7083333333065025,0.7904200553894043
test_img_0164.jpg,1586.0,0.3114754098341017,0.3134517766477573,1.2901604175567627,1423.0,0.3267744202366355,0.2950507614194477,3.326385498046875
test_img_0273.jpg,1259.0,0.3685464654458416,0.49309245483004155,1.2844223976135254,1138.0,0.38664323374001197,0.4675876726836601,2.8720333576202393
test_img_0032_4k.jpg,722.0,0.4238227146755703,0.4553571428503667,1.2555334568023682,733.0,0.42428376534209705,0.4627976190407322,2.103024959564209
test_img_0136_4k.jpg,298.0,0.1208053691234629,0.055727554178703904,1.2818903923034668,199.0,0.10552763818565188,0.03250773993757728,2.1810338497161865
test_img_0142_4k.jpg,365.0,0.2931506849234753,0.30571428570555104,0.42241930961608887,332.0,0.301204819268036,0.28571428570612245,0.9153869152069092
test_img_0152.jpg,337.0,0.3590504450932032,0.13534675615061134,2.7208878993988037,273.0,0.3992673992527741,0.12192393735881517,4.157122850418091
test_img_0154_4k.jpg,456.0,0.46929824560374345,0.60623229460039,0.4324047565460205,433.0,0.4780600461783358,0.5864022662723398,0.7210233211517334
test_img_0004_4k.jpg,145.0,0.28275862067015456,0.2240437158347517,0.43866991996765137,119.0,0.3277310924094344,0.21311475408671504,0.6608242988586426
test_img_0244_4k.jpg,153.0,0.16993464051176896,0.1140350877142967,0.4479835033416748,113.0,0.1858407079481557,0.09210526315385503,0.7090020179748535
test_img_0033_4k.jpg,110.0,0.3636363636033058,0.3100775193558079,0.4544835090637207,84.0,0.40476190471371887,0.26356589145243675,0.6302855014801025
test_img_0075_4k.jpg,242.0,0.46694214874103546,0.4484126983949042,0.3235044479370117,232.0,0.4568965517044441,0.42063492061822877,0.618748664855957
test_img_0015_4k.jpg,580.0,0.5568965517145362,0.791666666647263,0.32622647285461426,564.0,0.5886524822590664,0.8137254901761342,0.6712191104888916
test_img_0065_4k.jpg,523.0,0.47418738048806525,0.5155925155817964,1.1072978973388672,437.0,0.5194508009034451,0.4719334719236604,1.6415469646453857
test_img_0069_4k.jpg,481.0,0.5634095633978501,0.49816176469672496,1.080059289932251,482.0,0.5705394190753,0.5055147058730604,1.850959062576294
test_img_0071.jpg,411.0,0.4939172749271553,0.1658496732012594,2.5143420696258545,567.0,0.5555555555457574,0.2573529411743681,4.341036796569824
test_img_0095_4k.jpg,459.0,0.5403050108814749,0.677595628396787,0.329362154006958,381.0,0.6272965879100447,0.6530054644630326,0.7324907779693604
test_img_0050_4k.jpg,355.0,0.22253521126133702,0.18764845605254993,1.261620044708252,270.0,0.22962962962112482,0.1472684085475708,2.1736762523651123
test_img_0056_4k.jpg,256.0,0.5546874999783326,0.7357512952986657,0.45601534843444824,223.0,0.6188340806897383,0.7150259066987033,0.7099897861480713
test_img_0087_4k.jpg,232.0,0.1077586206850104,0.04038772213181926,1.2641971111297607,145.0,0.1034482758549346,0.024232633279091555,2.025033473968506
test_img_0088_4k.jpg,211.0,0.27488151657465015,0.2959183673318409,0.4502391815185547,158.0,0.3164556961825028,0.2551020408033111,0.8188381195068359
test_img_0089.jpg,1242.0,0.4074074074041272,0.32814526588632853,3.1932260990142822,1338.0,0.40358744394317203,0.35019455252691184,4.949769735336304
test_img_0173_4k.jpg,606.0,0.3448844884431537,0.23804100227519315,1.2950680255889893,629.0,0.32591414943837976,0.2334851936192086,2.432586908340454
test_img_0184.jpg,2051.0,0.3271574841524761,0.3125291103851303,3.0841782093048096,2097.0,0.3261802575091742,0.31858407079497636,7.62716269493103
test_img_0190_4k.jpg,584.0,0.3835616438290486,0.31328671328233165,1.2916245460510254,558.0,0.36738351253821894,0.28671328670927676,2.740424156188965
test_img_0210_4k.jpg,272.0,0.3272058823409115,0.21140142517312585,1.2929818630218506,338.0,0.29585798815692727,0.2375296912057594,1.7172060012817383
test_img_0217.jpg,1799.0,0.549193996661761,0.5620022753096587,3.0638785362243652,1555.0,0.5909967845621158,0.5227531285522028,5.409888029098511
test_img_0232_4k.jpg,396.0,0.4671717171599199,0.44578313251937873,1.2757432460784912,362.0,0.4999999999861878,0.4361445783027435,1.741234302520752
test_img_0246.jpg,598.0,0.2491638795944956,0.14466019417335282,3.3517656326293945,359.0,0.3231197771497738,0.11262135922220758,5.08522629737854
test_img_0256.jpg,1311.0,0.35621662852512426,0.21017101710076433,3.003523111343384,1211.0,0.34599504541415366,0.18856885688483993,7.5762457847595215
test_img_0258.jpg,1009.0,0.465807730421548,0.4757085020194766,2.920231342315674,816.0,0.5514705882285359,0.45546558703992446,3.8450212478637695
test_img_0259_4k.jpg,443.0,0.5395033859923363,0.7091988130353354,0.9565701484680176,373.0,0.6434316353714897,0.7121661720856923,0.7647120952606201
test_img_0260.jpg,1972.0,0.3590263691665364,0.33730347784498665,2.9952163696289062,1874.0,0.36712913553699505,0.3277751310132074,7.877328634262085
test_img_0211.jpg,559.0,0.40071556349909276,0.5308056871912131,1.213148593902588,505.0,0.41386138613041856,0.49526066349537295,1.9636061191558838
test_img_0074_4k.jpg,395.0,0.14430379746470118,0.08119658119542456,1.273055076599121,334.0,0.13473053891812184,0.06410256410165097,2.1872382164001465
test_img_0295.jpg,1027.0,0.38461538461163963,0.2687074829913694,3.5372869968414307,964.0,0.42531120331509015,0.278911564623953,5.555635690689087
test_img_0160.jpg,639.0,0.430359937395456,0.2604166666642006,1.3831970691680908,635.0,0.44566929133156424,0.26799242423988645,2.4390249252319336
test_img_0294_4k.jpg,556.0,0.2158273381256146,0.15247776365752888,1.0931055545806885,493.0,0.23935091277404968,0.14993646759657006,2.1670548915863037
test_img_0048.jpg,943.0,0.482502651108351,0.3775933609927171,3.371704339981079,801.0,0.5118601747751328,0.34024896265277804,6.9865264892578125
test_img_0140_4k.jpg,495.0,0.5676767676652994,0.7205128204943458,0.43029189109802246,416.0,0.6490384615228596,0.6923076922899408,0.8270320892333984
test_img_0024_4k.jpg,346.0,0.5289017340887601,0.4765624999875895,0.22568440437316895,320.0,0.5562499999826171,0.4635416666545953,0.5980594158172607
test_img_0052_4k.jpg,152.0,0.38157894734331715,0.4172661870203405,0.4104301929473877,89.0,0.4943820224163616,0.3165467625671549,0.6203083992004395
test_img_0023_4k.jpg,438.0,0.4041095890318696,0.650735294093723,0.4302999973297119,359.0,0.49025069636517404,0.6470588235056228,0.7289783954620361
test_img_0020_4k.jpg,145.0,0.3172413792884661,0.34586466162813045,0.41890883445739746,126.0,0.3412698412427564,0.3233082706523828,0.7197155952453613
test_img_0021_4k.jpg,97.0,0.29896907213412693,0.2301587301404636,0.41985607147216797,92.0,0.3043478260538753,0.22222222220458554,0.685650110244751
test_img_0027_4k.jpg,163.0,0.4417177913839437,0.39999999997777774,0.41572999954223633,202.0,0.3762376237437506,0.42222222219876543,0.7248537540435791
test_img_0043_4k.jpg,47.0,0.1489361701810774,0.04516129031966701,0.41930246353149414,43.0,0.11627906974040021,0.03225806451404786,0.5870840549468994
test_img_0034_4k.jpg,219.0,0.5844748858180605,0.5898617511248911,0.41838741302490234,191.0,0.6649214659337738,0.585253456194228,0.6482360363006592
test_img_0249_4k.jpg,62.0,0.3064516128537981,0.23456790120560891,0.41947150230407715,55.0,0.3636363635702479,0.24691358021643045,0.5744402408599854
test_img_0315_4k.jpg,391.0,0.6649616368116378,0.6824146981448185,0.2301626205444336,360.0,0.7166666666467593,0.6771653543129352,0.48940348625183105
test_img_0130_4k.jpg,392.0,0.5102040816196376,0.4395604395507789,0.5296692848205566,581.0,0.4561101548974852,0.582417582404782,0.8314063549041748
test_img_0009_4k.jpg,204.0,0.6715686274180603,0.5805084745516733,0.22244787216186523,194.0,0.6701030927489637,0.5508474576037776,0.36681103706359863
test_img_0228_4k.jpg,185.0,0.40540540538349157,0.4411764705622837,0.22760343551635742,180.0,0.4055555555330247,0.4294117646806228,0.3902468681335449
test_img_0042_4k.jpg,115.0,0.4521739130041588,0.39999999996923075,0.41930294036865234,111.0,0.44144144140167196,0.37692307689408283,0.5438976287841797
test_img_0090_4k.jpg,916.0,0.5742358078539931,0.6717752234907819,0.5297322273254395,860.0,0.6058139534813277,0.665389527449995,1.1958963871002197
