test_img_0100.jpg,229.0,17.039282703544806,0.7868238291883974,0.8209606986541065,0.8138528138175821,4.278785228729248,182.0,14.896217231343694,0.7466512362488648,0.9230769230262045,0.7272727272412436,0.9396452903747559
test_img_0287.jpg,322.0,32.53957709662028,0.7923475758915546,0.6770186335193472,0.956140350835257,0.3054025173187256,227.0,31.48266303741016,0.7242441930661373,0.8105726871889616,0.8070175438242536,0.22540903091430664
test_img_0292.jpg,391.0,31.30894122208021,0.8046557440359527,0.6112531969153132,0.9263565891113815,0.09829926490783691,309.0,31.709787888819545,0.8007277974245924,0.7637540452827264,0.914728682135088,0.2352440357208252
test_img_0289.jpg,303.0,62.20016669341783,0.851896367945848,0.7821782177959677,0.9442231075321026,0.10577535629272461,257.0,41.02814467483488,0.770679790145822,0.8754863812888916,0.8964143425937683,0.23286128044128418
test_img_0290.jpg,551.0,22.541455983989536,0.7326385590295732,0.7785843920003886,0.7799999999858181,0.1029350757598877,473.0,21.204478079249135,0.6941787304199217,0.8350951374030635,0.7181818181687604,0.37195515632629395
test_img_0301.jpg,259.0,29.96795294677041,0.8829844905512604,0.7413127412841192,0.9458128078351816,0.3463127613067627,227.0,29.70500549415566,0.8741921984551181,0.8237885462192164,0.9211822659644737,0.2411341667175293
test_img_0299.jpg,212.0,33.97015109837717,0.9086208428389706,0.7547169810964756,0.9696969696382002,0.1363379955291748,177.0,33.780533451536186,0.8934250032110915,0.8531073445845702,0.9151515150960514,0.2274489402770996
test_img_0286.jpg,938.0,19.807663419418912,0.7068644126580624,0.8571428571337192,0.8645161290229622,0.1302330493927002,818.0,18.387436996529043,0.6482714414657459,0.9205378972992599,0.8096774193461325,0.5894956588745117
test_img_0013.jpg,1866.0,22.59301637675585,0.6754750788945151,0.7009646302213239,0.8639365918040691,0.5743265151977539,1510.0,23.10749291468565,0.6502861754932161,0.7966887417165783,0.7945838837464031,1.0758912563323975
test_img_0191.jpg,487.0,31.293048975331658,0.8810685575908137,0.8193018480324579,0.7542533081142864,0.3722574710845947,447.0,31.62818171173292,0.8710231845847214,0.8657718120611684,0.7315689980958116,0.45202136039733887
test_img_0332.jpg,1002.0,22.2634359469221,0.6745531839465421,0.7135728542842956,0.9395532194357483,0.12726402282714844,810.0,22.28493506581438,0.6473741120816873,0.8345679012242646,0.8883048620119802,0.5176360607147217
test_img_0278.jpg,688.0,25.752214342751426,0.7515800841705255,0.7122093023152295,0.9496124030823718,0.13150668144226074,562.0,25.479151522857872,0.7188411318402296,0.8220640569248743,0.8953488371919506,0.37865138053894043
test_img_0281.jpg,1359.0,18.51486097912851,0.6378623533859497,0.6306107431888844,0.9930475086791072,0.13212823867797852,1111.0,19.968912585447463,0.608934455420924,0.755175517544958,0.9721900347511913,0.5760753154754639
test_img_0099.jpg,268.0,25.849632997224646,0.7730650867690301,0.7835820895230007,0.7023411371002561,0.1263132095336914,216.0,24.536170173692298,0.7523213339644667,0.9074074073653978,0.6555183946269058,0.2583141326904297
test_img_0121.jpg,196.0,32.613098270320314,0.9073632013499752,0.7244897958814035,0.9530201341642268,0.13127732276916504,160.0,33.186134728377255,0.9061940808674347,0.8437499999472656,0.9060402683955677,0.22076106071472168
test_img_0194.jpg,191.0,32.76460513239223,0.8948647685411579,0.7643979057191415,0.9240506328529081,0.13292551040649414,188.0,33.04971487574415,0.8954236008957221,0.7872340425113173,0.9367088607002082,0.22382497787475586
test_img_0252.jpg,247.0,21.130107748611348,0.9180114326374665,0.8987854250648265,0.6830769230559053,0.12824463844299316,211.0,19.584619992428202,0.8958125891218828,0.9383886255479437,0.6092307692120237,0.26065993309020996
test_img_0175.jpg,161.0,30.40929517351309,0.9247614019751119,0.6645962732506462,0.9145299144517496,0.12419700622558594,114.0,35.392635172278105,0.9307429904330385,0.9210526314981533,0.8974358973591936,0.19564437866210938
test_img_0329.jpg,557.0,16.104888460043934,0.5019650720996375,0.9335727109347652,0.54968287525846,0.13459038734436035,490.0,15.472027370642506,0.44265206503498694,0.9591836734498126,0.49682875263745424,0.5554440021514893
test_img_0128.jpg,565.0,37.659010741697124,0.6679946495635836,0.8725663716659723,0.618569636127747,0.12682271003723145,344.0,23.18699907221058,0.5843342432489133,0.9622093022976101,0.41530740275514044,0.4658975601196289
test_img_0106.jpg,940.0,14.768193519037814,0.6450965605768053,0.7446808510559076,0.4874651810551012,0.12268447875976562,696.0,13.279212970945464,0.5309296998699304,0.852011494240632,0.41295264623667866,0.7696712017059326
test_img_0302.jpg,447.0,31.07603049657007,0.8816985252932218,0.6890380313044958,0.9999999999675324,0.13754749298095703,361.0,33.11578679328199,0.900031009584458,0.844875346236984,0.9902597402275889,0.2855546474456787
test_img_0195.jpg,290.0,75.09810244135075,0.927793609302482,0.6793103448041617,0.9563106795652276,0.5004012584686279,229.0,49.27147694288357,0.9375981590877526,0.8296943231078736,0.9223300970426053,0.33521461486816406
test_img_0242.jpg,249.0,78.87686444251545,0.9534319357354941,0.7991967871164981,0.8614718614345683,0.20355439186096191,220.0,48.26018832865245,0.9417708189376864,0.8272727272351239,0.7878787878446806,0.3538217544555664
test_img_0305.jpg,814.0,61.636227339684886,0.8470191151406826,0.6719901719819166,0.8573667711464362,0.19887375831604004,641.0,40.05304386425854,0.8573679273509849,0.786271450845768,0.7899686520252356,0.5437591075897217
test_img_0102.jpg,272.0,75.52707208580892,0.9219825619506808,0.8088235293820285,0.8461538461213017,0.21169757843017578,239.0,47.298764016601076,0.9214046267132785,0.8786610878293447,0.8076923076612426,0.3698692321777344
test_img_0280.jpg,588.0,61.72534049982792,0.8898179534533862,0.8316326530470811,0.8826714801284716,0.20969915390014648,481.0,41.002711111276035,0.8752615955029933,0.9334719334525265,0.810469314064793,0.4970736503601074
test_img_0103.jpg,981.0,54.73401265332893,0.7878759889433619,0.5025484199744898,0.9879759518840084,0.2235720157623291,625.0,40.708936629547196,0.7860490812098077,0.7183999999885056,0.8997995991803647,0.5007052421569824
test_img_0177.jpg,277.0,62.85386521941385,0.9248506507658746,0.7942238266861291,0.8118081180512248,0.21527838706970215,240.0,41.26614833584562,0.9276788663328602,0.8624999999640625,0.7638376383481978,0.3729894161224365
test_img_0328.jpg,617.0,27.839778129252903,0.8000867521327599,0.6774716369420183,0.9881796690073716,0.12657856941223145,559.0,30.611253524204884,0.8416500306960469,0.7423971377326941,0.981087470425979,0.3510456085205078
test_img_0312.jpg,368.0,37.93286567056171,0.9066960388360069,0.663043478242852,0.9070631969923024,0.21805500984191895,337.0,37.934806566581265,0.9117589961098581,0.7299703263878347,0.9144981412299443,0.3857300281524658
test_img_0031.jpg,312.0,71.53176529199207,0.9240063160245923,0.8237179486915475,0.6589743589574621,0.22522664070129395,266.0,46.424012866607235,0.9060640114497258,0.8872180450794279,0.605128205112689,0.4254341125488281
test_img_0143.jpg,1590.0,25.154081851571775,0.7108854687851159,0.503773584902492,0.9950310558882605,0.21083664894104004,1065.0,26.10362184235728,0.7162175709911534,0.7211267605566092,0.9540372670688939,0.6424069404602051
test_img_0334.jpg,2112.0,20.97169300484772,0.7396642785937769,0.6955492424209492,0.9819518716511902,0.2110738754272461,1860.0,21.539273578437854,0.7144221578015048,0.7768817204259307,0.9659090909026343,0.9910333156585693
test_img_0026.jpg,191.0,90.1823993914771,0.9414568127228139,0.5130890052087388,0.8909090908280992,0.5913119316101074,171.0,65.66627048494948,0.9506680783255697,0.5789473683871961,0.8999999999181819,0.36345815658569336
test_img_0202.jpg,779.0,22.71312129206548,0.7732394734473117,0.7163029524940141,0.660355029577984,0.20444464683532715,403.0,22.26385387546136,0.7191426109810372,0.8957816376948937,0.42721893490618673,0.6173281669616699
test_img_0155.jpg,1140.0,26.195439688683823,0.7861223929206447,0.6964912280640659,0.9486260453889053,0.2127981185913086,909.0,26.09998287311915,0.7662505018519115,0.8338833883296602,0.9056152927012471,0.6306178569793701
test_img_0291.jpg,518.0,29.5757504980508,0.8274457787846696,0.6177606177486918,0.9116809116549378,0.44425272941589355,454.0,29.801401228374996,0.8395630629638136,0.69383259910366,0.8974358974103295,0.37218284606933594
test_img_0010.jpg,926.0,32.076038668781166,0.8033335228801008,0.5907127429741824,0.9785330947946596,0.21058249473571777,632.0,32.63482890064392,0.8072041361860113,0.7689873417599844,0.8694096600917816,0.5247042179107666
test_img_0012.jpg,748.0,32.108989520237714,0.8125917945911724,0.5508021390300695,0.9581395348614385,0.20421409606933594,478.0,32.2835579773167,0.8100545210974781,0.7991631798995991,0.888372093002596,0.44803810119628906
test_img_0134.jpg,174.0,39.743621433274704,0.9007208702114672,0.7701149424844761,0.8933333332737777,0.2145674228668213,177.0,39.832520494606314,0.9295492665494747,0.785310734418909,0.9266666666048888,0.3386118412017822
test_img_0017.jpg,208.0,39.112035991463415,0.9259951768399263,0.884615384572855,0.9735449734934631,0.19837737083435059,204.0,38.77359720250147,0.9312569244239848,0.9019607842695117,0.9735449734934631,0.3283102512359619
test_img_0115.jpg,546.0,36.737288456185084,0.8641087945591862,0.5073260073167156,0.965156794391458,0.21430754661560059,386.0,40.043297003355086,0.8703678372913072,0.6994818652668527,0.9407665504898687,0.40735316276550293
test_img_0243.jpg,258.0,34.109110089581996,0.9132543722368583,0.8372093022931314,0.7714285714010204,0.19929909706115723,233.0,34.92306560105523,0.9109189965146175,0.8583690986756064,0.714285714260204,0.3579418659210205
test_img_0257.jpg,1230.0,25.379554842724115,0.7609706018655195,0.8829268292611145,0.46193109314988545,0.20635342597961426,1083.0,23.478484945220448,0.6974994881418185,0.9252077562241441,0.42620161633166226,1.3163633346557617
test_img_0285.jpg,751.0,29.329238827257214,0.796103561143657,0.7150466045177757,0.9355400696701125,0.21061491966247559,630.0,29.62182418393004,0.8041968795331877,0.8095238095109599,0.8885017421447996,0.5099821090698242
test_img_0054.jpg,690.0,30.79213894871162,0.7318879640615116,0.7217391304243226,0.8469387754958003,0.20036101341247559,568.0,30.777127002998203,0.7493013755168593,0.8397887323795812,0.811224489782122,0.4918522834777832
test_img_0238.jpg,204.0,39.602053499832095,0.9160233430931175,0.7205882352587947,0.8647058823020761,0.2188410758972168,193.0,41.356992046365214,0.9345990544486495,0.797927461098553,0.9058823528878892,0.33951258659362793
test_img_0239.jpg,335.0,39.863658011739346,0.9311957584693317,0.7761194029619068,0.8637873753865851,0.21308684349060059,294.0,47.02783367995581,0.9257035911668704,0.8333333333049886,0.8139534883450513,0.3911900520324707
test_img_0235.jpg,204.0,64.53546164296026,0.9642695332026828,0.5637254901684448,0.942622950742408,0.25383424758911133,184.0,65.11514554479142,0.968034052624155,0.614130434749232,0.926229508120801,0.35503721237182617
test_img_0236.jpg,318.0,67.95543030157954,0.9291323344469806,0.7169811320529251,0.8636363636036501,0.23808526992797852,261.0,70.26424604130007,0.9291052589142086,0.8429118773623405,0.8333333333017676,0.40114498138427734
test_img_0011.jpg,835.0,30.076258284478907,0.7849767127532686,0.5976047904120048,0.9415094339444998,0.216444730758667,681.0,30.43696729628206,0.7828997122099475,0.693098384718163,0.8905660377190459,0.49848484992980957
test_img_0267.jpg,1907.0,22.482775141017818,0.5487266989208248,0.5595175668560067,0.9797979797889826,0.23542284965515137,1544.0,24.33398720608884,0.5806064262060482,0.6638601036226435,0.9412304866763892,0.7999241352081299
test_img_0268.jpg,1866.0,26.07827107899441,0.6519401214288609,0.6629153268989126,0.8957277335199441,0.8099124431610107,1344.0,25.626862477336243,0.5948987100827801,0.7232142857089047,0.7038377986915001,1.0813429355621338
test_img_0309.jpg,891.0,27.076262630419222,0.6574859366131393,0.6835016834940123,0.9269406392552977,0.19886255264282227,600.0,26.55065466813686,0.5924094631694946,0.8883333333185278,0.8112633181002852,0.5290284156799316
test_img_0110.jpg,684.0,29.45856590053236,0.8249856266317512,0.6593567251365591,0.9868708971337665,0.20838665962219238,551.0,31.103483668377184,0.846947693964399,0.8094373865551826,0.9759299780968068,0.4317011833190918
test_img_0282.jpg,693.0,29.147749517532773,0.7851992500195033,0.748917748906942,0.9137323943501103,0.2097158432006836,583.0,28.797306594561096,0.76157799834974,0.8370497426957624,0.8591549295623389,0.4801461696624756
test_img_0321.jpg,3135.0,18.226400559341457,0.5727245883576665,0.7438596491204342,0.9530036779691337,0.19994235038757324,2697.0,18.747039120361908,0.5482233853884729,0.8383388950654863,0.9239885574134696,1.4642648696899414
test_img_0081.jpg,290.0,68.5175680702257,0.8963393557579039,0.31724137929940543,0.7863247862575791,0.7198312282562256,130.0,55.03400073794764,0.9519138445748044,0.6923076922544378,0.7692307691650231,0.45110249519348145
test_img_0003.jpg,531.0,66.55259645498062,0.915986908797076,0.580037664772504,0.8850574712389351,0.3240971565246582,455.0,45.84644716992036,0.9240284222374004,0.6703296703149378,0.8764367815840104,0.5567224025726318
test_img_0263.jpg,415.0,64.24789483064696,0.929383207607466,0.5759036144439541,0.9372549019240292,0.3300914764404297,326.0,47.53259596214559,0.9389661169553417,0.7116564416959614,0.9098039215329489,0.5208518505096436
test_img_0310.jpg,637.0,53.76532121833297,0.8861961758078323,0.7676609105060022,0.7725118483290282,0.5560898780822754,557.0,39.265826901529294,0.885069240554797,0.8168761220679196,0.7187993680771122,0.5852146148681641
test_img_0219.jpg,595.0,75.134463732294,0.9250325836237712,0.8403361344396582,0.9469696969517619,1.654062032699585,570.0,64.73409298844118,0.9256529296368301,0.866666666651462,0.9356060605883407,1.4686064720153809
test_img_0120.jpg,1285.0,33.263728234393106,0.8215414281607851,0.5696498054430378,0.9759999999869866,0.30594897270202637,954.0,38.62548932237319,0.8381563702565813,0.733752620537382,0.9333333333208889,0.7455496788024902
test_img_0279.jpg,933.0,32.10840320593725,0.8389484384777752,0.5862808145703506,0.9891500903980261,0.19667339324951172,790.0,32.96114927693512,0.8469166057294117,0.6810126582192276,0.9728752260221903,0.5047073364257812
test_img_0039.jpg,114.0,69.62355134694779,0.971424342344317,0.6315789473130194,0.818181818088843,0.34884047508239746,150.0,55.602498714337415,0.9451042794884182,0.47999999996799997,0.818181818088843,0.49276137351989746
test_img_0040.jpg,222.0,77.05026563320625,0.951276255525559,0.774774774739875,0.8599999999569999,0.35796475410461426,207.0,60.29058951811258,0.9544846823189556,0.8502415458526453,0.879999999956,0.5264027118682861
test_img_0044.jpg,170.0,57.11073471910991,0.9589800195566415,0.8235294117162629,0.8383233532432142,0.35428500175476074,184.0,47.863130234955364,0.9607505219985498,0.7771739130012405,0.8562874250984258,0.5159687995910645
test_img_0209.jpg,222.0,97.20254427438877,0.9314972823647208,0.47297297295166785,0.7553956833988924,0.32086777687072754,158.0,76.96605591482674,0.9236704260367009,0.6012658227467553,0.6834532373609026,0.46045422554016113
test_img_0274.jpg,512.0,42.52471329019236,0.8870269114523153,0.7910156249845505,0.89999999998,0.32248449325561523,436.0,39.404313561056064,0.8691891645878475,0.8784403669523293,0.8511111110921975,0.569868803024292
test_img_0068.jpg,362.0,85.39721434931282,0.9433399129610563,0.7044198894833033,0.7103064066654511,0.3771369457244873,278.0,56.882465757645825,0.9369235873566476,0.8381294963727292,0.6490250696198043,0.6427419185638428
test_img_0174.jpg,209.0,45.141609630773125,0.8739355731802819,0.7033492822629976,0.5742187499775696,0.3352315425872803,213.0,40.39620180554178,0.8719052759999976,0.699530516399083,0.5820312499772644,0.5074999332427979
test_img_0080.jpg,419.0,43.43096668341517,0.9109151101458413,0.6849642004609794,0.8294797687621538,0.33127927780151367,368.0,36.63317115245267,0.9009311031188959,0.7255434782411537,0.7716763005557319,0.558483362197876
test_img_0084.jpg,260.0,35.91387384618044,0.8055522315796437,0.7692307692011834,0.6269592476292489,0.3280172348022461,237.0,36.44373331272202,0.8397343368177934,0.8185654008093433,0.6081504702003715,0.543203592300415
test_img_0037.jpg,2509.0,27.699785063831005,0.7388759996233741,0.7692307692277034,0.7747892412654566,0.9151368141174316,1916.0,26.798186106354486,0.6753353306588633,0.8799582463419627,0.6768366117997718,1.7338409423828125
test_img_0333.jpg,1229.0,29.729582112160887,0.7327061534988949,0.4670463791662568,0.9630872483059885,0.25835561752319336,979.0,31.318906859631863,0.7928654030428784,0.5791624106171689,0.9513422818632326,0.5813188552856445
test_img_0028.jpg,655.0,70.31454277640505,0.9215545624635194,0.5664122137318105,0.9251870323958806,0.42501235008239746,487.0,80.23611265203695,0.940213556894572,0.7371663244201814,0.8952618453642079,0.7117898464202881
test_img_0092.jpg,801.0,81.79986963641609,0.9130994831692473,0.7278401997412255,0.918110236206014,0.6914920806884766,634.0,63.868641553557794,0.9091825866192552,0.8706624605540905,0.8692913385689875,0.9122629165649414
test_img_0275.jpg,1313.0,41.33303538018427,0.8904406136760056,0.7349581111901374,0.9190476190388663,0.5155413150787354,1043.0,35.805698753779716,0.8763058619566815,0.8120805369049657,0.8066666666589842,1.1429271697998047
test_img_0093.jpg,1392.0,64.67770090684907,0.8938967418436478,0.8311781609135692,0.6057591623004934,0.5207676887512207,1171.0,66.71391324409436,0.8922998897303037,0.9188727583183701,0.5633507853373647,1.5338828563690186
test_img_0111.jpg,112.0,91.09824063773064,0.9507025159711507,0.8571428570663265,0.6114649681139194,0.5203273296356201,110.0,71.20737253196502,0.9594875131023061,0.8727272726479339,0.6114649681139194,0.7370729446411133
test_img_0201.jpg,910.0,57.278853229036244,0.8895070069945531,0.668131868124526,0.85754583919806,0.49898290634155273,586.0,42.27698290551543,0.8772196056335243,0.8907849829199525,0.7362482369430713,0.9320313930511475
test_img_0324.jpg,951.0,64.80268296159613,0.8974515728457254,0.5920084121914615,0.878315132591602,0.5488631725311279,589.0,46.35398970963755,0.8984337215481221,0.7962648556740872,0.7316692667592564,0.9435474872589111
test_img_0119.jpg,649.0,92.1156684963459,0.9351083352405604,0.7950693374299681,0.7237026647864838,0.5026717185974121,571.0,83.04659272425435,0.9446889647229666,0.8581436076907505,0.6872370266383276,0.9472684860229492
test_img_0265.jpg,239.0,80.87793024925571,0.9565566849104048,0.7531380752822955,0.746887966773988,0.5192081928253174,231.0,64.38071117459474,0.9594266069732531,0.8008658008311313,0.7676348547399321,0.7604470252990723
test_img_0212.jpg,144.0,71.87787413905319,0.9396887115774921,0.8472222221633873,0.5727699530247525,0.6032896041870117,135.0,53.845769745901045,0.9495282135703587,0.9111111110436213,0.5774647887052833,0.8540596961975098
test_img_0266.jpg,4783.0,31.08150707440483,0.6849133136042608,0.7100146351647292,0.9451711661537847,0.5775556564331055,4284.0,26.799512784492702,0.6651199715144005,0.77287581699166,0.9215140551045881,2.4999542236328125
test_img_0269.jpg,4048.0,27.260652822656038,0.7301145545745663,0.738636363634539,0.9152127333917502,0.5698912143707275,3458.0,29.670314727190153,0.715454583416938,0.8140543666835915,0.8616467707350425,2.328537702560425
test_img_0271.jpg,795.0,58.627775334720994,0.9355363121515143,0.7899371069083027,0.7056179775201616,0.5572874546051025,646.0,52.60324487228392,0.9264157387638147,0.885448916394962,0.6426966292062618,1.0899386405944824
test_img_0270.jpg,0.0,51.206853448650484,0.9138616016060194,0.0,0.0,0.5561530590057373,5.0,45.46843243180858,0.930347469300145,0.5999999988,0.01102941176430039,0.728579044342041
test_img_0101.jpg,196.0,93.70087329042771,0.9606003157304631,0.7142857142492711,0.8235294117162629,0.5284214019775391,153.0,82.25886372003991,0.9565804754750186,0.7777777777269426,0.6999999999588234,0.7498056888580322
test_img_0304.jpg,5769.0,22.3218535987412,0.6243035746522189,0.44288438204118064,0.9992178333946061,0.49985408782958984,3670.0,26.115208562758852,0.6957531528403148,0.6773841961834404,0.9722330856434407,1.8658287525177002
test_img_0022.jpg,672.0,59.72963199160427,0.8807534711926285,0.5833333333246528,0.8270042193918353,0.5145082473754883,610.0,65.69927124302178,0.9037762725212356,0.6409836065468691,0.8248945147505297,0.8391363620758057
test_img_0072.jpg,424.0,61.71222204143106,0.9572842976764253,0.403301886782941,0.7276595744371208,1.2355906963348389,284.0,81.78531246505409,0.9677831786215858,0.6056338027955762,0.7319148935858759,1.1425082683563232
test_img_0215.jpg,1207.0,63.78909382441157,0.8868621517401702,0.7373653686765753,0.8582449373109138,0.5058088302612305,1052.0,59.093829832489156,0.8794169554540394,0.8098859315512369,0.8216007714482007,1.1235134601593018
test_img_0325.jpg,3079.0,28.256163526790143,0.7608823591520101,0.5170509905796783,0.9725106902811698,0.5028748512268066,2457.0,30.673490211178997,0.7482895423292862,0.6202686202660957,0.9309712889375018,1.6023414134979248
test_img_0006.jpg,643.0,65.71237972964832,0.952380065221328,0.6423017107209595,0.962703962681522,0.5813961029052734,499.0,72.34970446327746,0.9520146666484642,0.7795591182208506,0.9067599067387702,0.957970142364502
test_img_0234.jpg,282.0,52.280095231705616,0.9555605196644468,0.6737588652243348,0.7818930040830496,0.5755519866943359,245.0,53.339244543471,0.9590088962380448,0.7673469387441899,0.7736625514084913,0.8722717761993408
test_img_0122.jpg,574.0,60.342989550798144,0.9094139709811568,0.682926829256395,0.7983706720814996,0.5988767147064209,497.0,58.721623871143876,0.9177252106441312,0.7686116700046557,0.7780040733039103,0.9468388557434082
test_img_0030.jpg,461.0,75.41146849690695,0.9556574480837682,0.7049891539977226,0.8904109588797148,0.5843899250030518,422.0,71.86971558559158,0.9483971620012396,0.7701421800765369,0.8904109588797148,0.9049012660980225
test_img_0070.jpg,151.0,44.33251372653916,0.925377426546758,0.8675496688167185,0.5720524017217444,0.5747630596160889,151.0,44.316127250558836,0.9512362137292643,0.9072847681518355,0.5982532750830457,0.8478846549987793
test_img_0041.jpg,1204.0,52.05009285307917,0.8746471458641463,0.6478405315560811,0.8210526315703047,0.5885355472564697,1028.0,44.25908081759236,0.8924222202828679,0.7577821011599438,0.8199999999913684,1.1853575706481934
test_img_0051.jpg,158.0,55.90382373114155,0.9477154355011332,0.7658227847616568,0.650537634373627,0.6217522621154785,188.0,53.93957234311337,0.9608427629066061,0.7499999999601064,0.7580645160882761,0.8958382606506348
test_img_0060.jpg,294.0,96.02780546189972,0.9683290128514,0.6360544217470729,0.8311111110741728,0.5808119773864746,242.0,94.81999322461903,0.9746266568470741,0.7603305784809781,0.8177777777414321,0.8442766666412354
test_img_0047_4k.jpg,230.0,84.2174458965707,0.9657955183173633,0.39999999998260866,0.9199999999080001,0.5426428318023682,185.0,72.07566354157878,0.9653571868991828,0.4810810810550767,0.8899999999110001,0.7523801326751709
test_img_0203.jpg,478.0,91.92902631777856,0.9512527547500463,0.642259414212505,0.8434065933834228,0.6962549686431885,401.0,80.77809569141418,0.9480945703374376,0.7531172069637626,0.8296703296475365,1.037358045578003
test_img_0204.jpg,492.0,77.23081374713287,0.9455744775464288,0.7378048780337845,0.7021276595608873,0.728161096572876,420.0,67.42829829365137,0.9484218600329511,0.8071428571236394,0.6557059961188452,1.13165283203125
test_img_0205.jpg,694.0,78.32826976116979,0.9413906161953783,0.7233429394708452,0.6596583442751688,0.687187671661377,595.0,62.18876155521278,0.9362797951268379,0.764705882340089,0.5978975032772944,1.1812055110931396
test_img_0046.jpg,98.0,49.16133758760113,0.9379019352965968,0.775510204002499,0.4367816091702999,0.6550569534301758,99.0,49.37218416291295,0.9604570222950172,0.8282828281991634,0.47126436778900777,0.9548618793487549
test_img_0082.jpg,256.0,110.07156019799397,0.9483341889904827,0.7929687499690247,0.6170212765769902,0.6592662334442139,217.0,94.87531189811467,0.9460230384371296,0.8571428571033575,0.5653495440557644,0.9858791828155518
test_img_0096_4k.jpg,135.0,101.29469428083716,0.9754320075763697,0.6666666666172839,0.8490566036934852,0.48279571533203125,112.0,80.47245876966925,0.9785062647044606,0.7857142856441327,0.8301886791669634,0.6984860897064209
test_img_0326.jpg,67.0,44.87789708567805,0.9581180613133515,0.7910447760013367,0.32515337421318075,0.6633682250976562,100.0,44.51644551792209,0.9606046521354928,0.6999999999300001,0.4294478527343897,0.9669764041900635
test_img_0180.jpg,1770.0,46.81516160732726,0.8599741857199253,0.6316384180755275,0.8633204633137969,0.7089636325836182,1219.0,44.43597172363479,0.8469131838572769,0.7981952419950928,0.7513513513455494,1.4993963241577148
test_img_0188.jpg,197.0,71.51025207079267,0.9458542676185258,0.8426395938658559,0.6148148147920439,1.2073643207550049,187.0,56.160773128188794,0.9646387424226937,0.9144385026248963,0.6333333333098765,1.0951406955718994
test_img_0250_4k.jpg,59.0,103.6400173516309,0.9813307226729638,0.6610169490405056,0.5999999999076924,0.49807095527648926,52.0,86.8048646424952,0.9809275101299542,0.7115384614016272,0.5692307691431954,0.6806292533874512
test_img_0038.jpg,402.0,91.46230237223237,0.9636031990510225,0.6417910447601545,0.8865979381138626,0.7696518898010254,329.0,79.54387365733717,0.9658833956776165,0.7477203647189142,0.8453608247132178,1.1575055122375488
test_img_0170_4k.jpg,118.0,62.03801037230236,0.9571737191828275,0.7711864406126113,0.6319444444005594,0.5049443244934082,116.0,50.00676070997354,0.9667213173333189,0.7586206895897741,0.6111111110686728,0.7287387847900391
test_img_0283.jpg,210.0,50.842350719719875,0.9246033300402992,0.39047619045759635,0.3402489626414834,0.7601456642150879,89.0,58.847279227745084,0.9398096871974958,0.8089887639540463,0.2987551867095952,1.0898475646972656
test_img_0125.jpg,1286.0,44.773516353924045,0.8845444562492673,0.8118195956390994,0.8439773645849316,0.8330481052398682,1158.0,44.83022850974643,0.8910193942003664,0.8678756476608993,0.8124494745285978,1.5852899551391602
test_img_0091.jpg,552.0,56.71257022236931,0.9241783937523579,0.8278985507096395,0.7300319488701272,0.8950114250183105,526.0,53.76532028516524,0.9242296972502994,0.8536121672841519,0.7172523961546765,1.3561456203460693
test_img_0007_4k.jpg,84.0,101.29117822621808,0.9813380409650999,0.6785714284906463,0.7599999998986667,0.938774585723877,76.0,76.36043890972715,0.9805282728899727,0.7631578946364267,0.7733333332302222,0.6163961887359619
test_img_0150.jpg,652.0,70.31848984340796,0.9413956067232583,0.5536809815866,0.9232736572653893,0.6703767776489258,467.0,79.93534515247116,0.9529652312573483,0.7216274089781236,0.8618925830981613,1.0601491928100586
test_img_0218.jpg,1360.0,44.94956320176387,0.8718555607651807,0.48823529411405714,0.945868945855472,0.683560848236084,853.0,46.43311012526195,0.9150393799087384,0.7420867526290494,0.9017094016965569,1.2026240825653076
test_img_0307.jpg,2338.0,47.42397491150865,0.8441065154022174,0.4426860564566181,0.9700093720621369,0.7103049755096436,1213.0,49.44265960144929,0.7867672622222099,0.7246496290129872,0.8238050609107423,1.4003899097442627
test_img_0193.jpg,62.0,84.41200704937137,0.9601630342195779,0.7903225805176899,0.23444976075433255,0.9951915740966797,91.0,66.1484021173205,0.9657588053784668,0.7362637361828283,0.32057416266408734,1.356323003768921
test_img_0231.jpg,809.0,73.982791388914,0.9112182058271351,0.5661310259509749,0.6907993966713303,0.9451665878295898,580.0,60.77106056224615,0.9231078710058493,0.699999999987931,0.6123680241234937,1.5097389221191406
test_img_0053.jpg,1383.0,55.79465921751514,0.9202315013311863,0.6109906001401954,0.8960763520583661,0.9842298030853271,1007.0,48.532349539161565,0.9218823366246592,0.7676266136964486,0.819724284190671,1.6609551906585693
test_img_0330.jpg,2173.0,37.14110110991194,0.8866592207093976,0.7188219051968762,0.9483910139590263,0.9584548473358154,1859.0,36.7338563445364,0.89204934970956,0.8294782140891368,0.9362477231272845,1.9593150615692139
test_img_0197_4k.jpg,287.0,71.09549997838899,0.9523440373982752,0.4982578397038934,0.8827160493282273,0.4315059185028076,231.0,61.51119899074698,0.9587995733039542,0.5974025973767358,0.8518518517992684,0.6357536315917969
test_img_0245.jpg,399.0,90.12457304083391,0.9740378418930054,0.6265664160243968,0.8143322475304777,1.0045068264007568,257.0,96.19427388083751,0.9756077260431052,0.8326848248703235,0.6970684038860889,1.4472668170928955
test_img_0049.jpg,2825.0,60.26345703849712,0.8802693458741159,0.7833628318556342,0.906967213111037,0.9680354595184326,2404.0,67.77418254128732,0.8742112540590075,0.8664725457534673,0.8536885245866652,2.336075782775879
test_img_0066.jpg,2784.0,77.02369816696013,0.8902657132110422,0.6943247126411842,0.6545885540106516,1.0232064723968506,2362.0,73.58143443283625,0.8887525370620988,0.7586790855175332,0.6068405011831803,2.7503514289855957
test_img_0116.jpg,1103.0,58.31259740909119,0.899457901045206,0.4922937443291724,0.7220744680755043,0.9630126953125,871.0,62.22202674581494,0.9243908250340679,0.650975889774386,0.7539893616921012,1.579057216644287
test_img_0133.jpg,1166.0,63.15097660037276,0.9318792167316627,0.7032590051397662,0.8826695371272049,1.3971033096313477,978.0,84.60777185261857,0.9382721680390821,0.8118609406869953,0.8546824542426837,1.5274171829223633
test_img_0255.jpg,4610.0,37.35000945407752,0.8441756356864013,0.7767895878508095,0.914687100891661,1.4283936023712158,3962.0,38.47676420209747,0.8463042970833945,0.8513377082260188,0.8615581098317713,3.2823143005371094
test_img_0189_4k.jpg,191.0,125.81271430119087,0.9854407227628832,0.5706806282423728,0.9008264462065433,0.5682518482208252,135.0,102.89188985464139,0.9847830924813549,0.7259259258721535,0.8099173553049656,0.7882905006408691
test_img_0058.jpg,5613.0,51.840502122545956,0.8842795573553006,0.7284874398704285,0.9168161434957022,1.6372251510620117,4589.0,48.431256390597625,0.8742911273258123,0.8404881237724112,0.8647982062760879,4.27404522895813
test_img_0317.jpg,1191.0,83.19944778461455,0.9402775987524868,0.611251049533071,0.9134253450324539,1.0608224868774414,900.0,81.93602405559736,0.9515308134337376,0.7855555555468271,0.8870765370026715,1.7898123264312744
test_img_0276.jpg,129.0,51.55066113450161,0.9417209073405893,0.6511627906471966,0.27999999999066666,1.0369439125061035,125.0,50.5236055484848,0.9540968446176938,0.79199999993664,0.329999999989,1.516082525253296
test_img_0131.jpg,457.0,113.43554327645184,0.9812757400009212,0.6739606126767186,0.6581196581055957,1.268019199371338,385.0,102.64726646058416,0.9830314630162515,0.7870129869925451,0.6474358974220633,1.8322930335998535
test_img_0135.jpg,415.0,102.4845259260972,0.9672008436076477,0.4987951807108724,0.6677419354623308,1.2429728507995605,271.0,89.15064806621172,0.9717344972720926,0.6531365313412126,0.5709677419170656,1.7498810291290283
test_img_0077_4k.jpg,248.0,42.6354816106231,0.9387802437298719,0.6814516128757478,0.8492462311131032,0.48244452476501465,265.0,42.238482089285185,0.9495818644250119,0.6339622641270203,0.844221105485215,0.7674291133880615
test_img_0078.jpg,1634.0,87.13434590125144,0.9399407901439821,0.6126070991394578,0.9091734786475099,1.2904655933380127,1321.0,80.84728646513344,0.9458416136524498,0.7176381529090262,0.8610354223355039,2.1805548667907715
test_img_0079.jpg,2343.0,87.00927152059563,0.9194954896388101,0.723004694832595,0.8705035971178289,1.2827813625335693,1935.0,79.84056985335032,0.9216784917406193,0.8304909560680596,0.8257965056483773,2.5264742374420166
test_img_0085.jpg,66.0,57.90558617719426,0.951204610372416,0.8484848483562902,0.20216606497465103,1.2976977825164795,161.0,49.45095970564287,0.9653007809458003,0.7577639751082134,0.44043321298048976,1.7571134567260742
test_img_0001.jpg,1491.0,46.21912689488532,0.8898503717037176,0.5888665325245549,0.9070247933790596,1.0855355262756348,1230.0,43.713732373262175,0.8940616353987118,0.689430894303338,0.8760330578421898,1.9237565994262695
test_img_0141_4k.jpg,177.0,67.93351046543546,0.9603679994352005,0.7175141242532478,0.747058823485467,0.41010332107543945,169.0,54.045950900571874,0.9574901388081872,0.7396449703704352,0.7352941176038061,0.6095371246337891
test_img_0237_4k.jpg,177.0,59.921573278839155,0.9463986008065527,0.7966101694465192,0.8150289016869925,0.4277009963989258,162.0,48.59631705138473,0.9568185717264932,0.8641975308108519,0.8092485548665174,0.6597621440887451
test_img_0253_4k.jpg,237.0,104.36368379548617,0.9738368801279507,0.544303797445388,0.8269230768700689,0.48410558700561523,224.0,82.06997693416429,0.9791132837833065,0.5714285714030612,0.8205128204602234,0.7071049213409424
test_img_0124.jpg,899.0,104.08695970638374,0.9659146206707071,0.6662958843084951,0.7986666666560178,1.1905162334442139,614.0,106.17838127263772,0.9705910279697114,0.8876221498226772,0.7266666666569778,1.8739781379699707
test_img_0132.jpg,111.0,55.423258718143394,0.961470405861628,0.837837837762357,0.3206896551613555,1.2575104236602783,163.0,52.124057022237054,0.967338240496461,0.7484662576227934,0.42068965515790724,1.7257390022277832
test_img_0327.jpg,2772.0,38.12600033110547,0.8557650275726462,0.443722943721343,0.8906589427886267,1.2447662353515625,2141.0,39.02233388037036,0.8803946718861244,0.5833722559524364,0.9044170890593454,2.258892059326172
test_img_0186_4k.jpg,228.0,96.59734108282791,0.9598262725333147,0.5350877192747768,0.7820512820011505,0.4726436138153076,175.0,75.27537346827685,0.9668253807494553,0.6571428571053061,0.737179487132232,0.6890232563018799
test_img_0206.jpg,3148.0,78.79345704814229,0.9161057071333275,0.7722363405312191,0.8556846180892091,1.3144826889038086,2671.0,76.19154606422923,0.9012363872326489,0.8438786971140252,0.7933826117536312,3.077117681503296
test_img_0220.jpg,3078.0,40.75788695783697,0.9031488302342435,0.7985705003222918,0.9073458840867208,1.3587660789489746,2597.0,42.52073571746818,0.9006515984516009,0.8937235271432664,0.8567737172356709,2.9486136436462402
test_img_0262.jpg,824.0,78.32065861197758,0.9296926572344645,0.45995145630509765,0.6966911764577814,1.44106125831604,666.0,72.9231425330501,0.9465199309384346,0.5810810810723561,0.7113970588104522,2.0548200607299805
test_img_0207.jpg,742.0,93.75390598802528,0.9622641169034102,0.5094339622572852,0.8235294117467641,1.316889762878418,461.0,94.90465022015074,0.961345822345784,0.7440347071422119,0.7472766884368784,1.9217233657836914
test_img_0229.jpg,1198.0,101.55683494206914,0.9509612950110524,0.5409015024996586,0.9377713458619714,1.3545894622802734,1007.0,107.80527708955526,0.9604641294631725,0.6425024826152681,0.936324167859098,2.072943687438965
test_img_0062.jpg,4335.0,40.847192377782655,0.8666102724034113,0.49204152249021443,0.8188099808029988,1.9928045272827148,2429.0,41.27522608558709,0.8696562446104514,0.7451626183583979,0.694817658346661,3.730360746383667
test_img_0303.jpg,3230.0,41.16398413072298,0.8395398927933712,0.5486068111438124,0.8342749529150929,1.3248274326324463,2100.0,41.59124204074886,0.8573677837544033,0.7628571428535103,0.7542372881320423,2.5548667907714844
test_img_0112.jpg,1772.0,84.17658978421649,0.920257480720111,0.556433408574738,0.8573913043403706,1.3797895908355713,1388.0,90.99523388289441,0.9315809226733873,0.7002881844329951,0.8452173912969981,2.249483823776245
test_img_0296.jpg,1246.0,47.2477198624647,0.9005486893029713,0.8234349919677093,0.7760968229895908,1.360574722290039,1118.0,47.73687490549495,0.9036253496336827,0.8729874776308321,0.738275340387759,2.2643086910247803
test_img_0127.jpg,418.0,69.89318960635585,0.9607483352755558,0.6889952152945217,0.7164179104299399,1.4684395790100098,353.0,69.5979862395603,0.9730041006790605,0.8158640226397772,0.7164179104299399,2.1375348567962646
test_img_0114.jpg,942.0,65.72247386011033,0.9460282240670148,0.6475583864050153,0.7790549169760018,2.0416641235351562,802.0,51.49407717052236,0.951640975061013,0.7643391521101703,0.782886334600474,2.418621063232422
test_img_0284.jpg,566.0,76.97134183293734,0.9472895341895313,0.3939929328552298,0.6043360433440559,1.6375739574432373,322.0,68.21993056646488,0.9639289532777975,0.6273291925271015,0.5474254742399072,2.3043675422668457
test_img_0064.jpg,1821.0,72.82163093716258,0.9414504471279583,0.7089511257511865,0.9627143922374146,1.3443143367767334,1487.0,65.75179203013026,0.9475157076962726,0.8386012104852818,0.9299030574129016,2.2895872592926025
test_img_0109.jpg,498.0,107.32889479908542,0.9717164565532213,0.6445783132400686,0.7379310344657947,1.3902246952056885,349.0,98.2496342029261,0.9698887264559523,0.7421203438182773,0.5954022988368873,1.983689546585083
test_img_0144.jpg,1051.0,90.4132394194401,0.9327659705359596,0.3587059942877383,0.8686635944500308,1.4000766277313232,571.0,87.18889241953038,0.9647897996924464,0.5779334500774442,0.76036866357695,2.015700101852417
test_img_0293.jpg,2603.0,79.19164129100601,0.9139474262602285,0.507875528234699,0.934936350771323,1.4157984256744385,1828.0,77.98597292546569,0.9348117358505288,0.6909190371953451,0.8932107496400764,2.502917528152466
test_img_0313.jpg,647.0,104.64481994006684,0.9693762218553612,0.5224111282763151,0.7461368653256923,1.3819921016693115,594.0,102.22175637838153,0.9723165974853388,0.5858585858487229,0.768211920512843,1.9801032543182373
test_img_0314.jpg,1301.0,77.54007579366181,0.9265281198102033,0.5080707148308373,0.8180693069205685,1.356346607208252,898.0,88.35791662422268,0.9563934767598266,0.7349665924194324,0.8168316831582075,2.098910093307495
test_img_0319.jpg,1290.0,102.10319525110593,0.9620211149544439,0.6403100775144163,0.9017467248809853,1.5338525772094727,1063.0,101.22892313464926,0.9585357217939102,0.7384760112818582,0.856986899553963,2.391448736190796
test_img_0149.jpg,526.0,107.47083923268266,0.9810920730030017,0.6577946767935781,0.8963730569715965,1.4734621047973633,412.0,94.96304341214517,0.9776328045161196,0.7839805825052432,0.8367875647451609,2.1148083209991455
test_img_0165_4k.jpg,226.0,61.29109617280601,0.9541207260416998,0.8318584070428381,0.9543147207637404,0.4627103805541992,209.0,48.65410292773698,0.9674020818342358,0.88516746407248,0.9390862943685743,0.7381699085235596
test_img_0166.jpg,2541.0,46.33642097206783,0.9038475387634052,0.8272333726846627,0.92192982455736,1.655860424041748,2197.0,42.81725573931932,0.9024303284947168,0.9025944469690369,0.8697368421014485,3.082597494125366
test_img_0167.jpg,4742.0,54.39598057740289,0.8924415501159817,0.7834247153083437,0.9003877847772652,1.6546266078948975,3948.0,50.15290554008309,0.8772500176275561,0.885005065853888,0.846825012116222,4.004240036010742
test_img_0168_4k.jpg,84.0,64.08651663392575,0.9442241322249973,0.8928571427508504,0.5597014924955447,0.47804975509643555,114.0,50.36269390787938,0.9651930605703101,0.8596491227316098,0.7313432835275117,0.704904317855835
test_img_0264_4k.jpg,243.0,103.16243193807783,0.9678337115511274,0.7572016460593743,0.847926267242031,0.40459632873535156,238.0,83.9670928733742,0.966844006435007,0.7605042016487182,0.8341013824500414,0.6174092292785645
test_img_0147_4k.jpg,79.0,85.86832198110483,0.9683774551704951,0.8734177214084282,0.511111111073251,0.5406844615936279,96.0,60.83865894679006,0.9744681097498233,0.8229166665809462,0.5851851851418381,0.7612943649291992
test_img_0298_4k.jpg,371.0,63.03889913913781,0.9319379405453669,0.5983827493100167,0.7928571428288265,0.48442649841308594,338.0,54.500585575030975,0.9457045977777621,0.6804733727609327,0.8214285713992346,0.7453548908233643
test_img_0240_4k.jpg,369.0,103.25516775327547,0.9482993546630768,0.6991869918509706,0.8062499999748046,0.4828650951385498,260.0,73.00814945656418,0.9673735089681378,0.9076923076573964,0.7374999999769531,0.7557032108306885
test_img_0156.jpg,2534.0,53.51592793536062,0.9040741630145371,0.6988950276215513,0.8698428290723486,1.6267900466918945,2082.0,54.82333659540979,0.9076572133811256,0.8184438040306511,0.8369351669899955,2.9081485271453857
test_img_0272.jpg,1860.0,51.63134871306634,0.8765818867453289,0.5564516129002341,0.5844155844122846,1.9854211807250977,1037.0,49.9563798292336,0.8717986828836504,0.8003857280539983,0.46866177300695283,3.214223623275757
test_img_0159.jpg,318.0,81.18161102223173,0.9638099217210078,0.7358490565806337,0.5075921908783603,1.938666582107544,268.0,81.24635126252359,0.9681523968652603,0.8320895522077578,0.4837310195122835,2.715442419052124
test_img_0076.jpg,807.0,73.9920951820581,0.9252285392034725,0.3866171003669564,0.6486486486351632,1.4035794734954834,266.0,91.92461643003807,0.9297515487314338,0.7744360901964498,0.4282744282655244,2.0124216079711914
test_img_0277_4k.jpg,293.0,87.12407293226072,0.9573787025083796,0.5870307167035143,0.6718749999737549,0.4915938377380371,191.0,72.10996186401537,0.9598494852756858,0.8272251308467421,0.6171874999758911,0.7355449199676514
test_img_0300_4k.jpg,147.0,42.70726974886807,0.8887064627574482,0.891156462524411,0.5695652173665406,0.4308741092681885,221.0,43.15211870527851,0.9441414648010579,0.8325791854826887,0.7999999999652173,0.6745679378509521
test_img_0306.jpg,5696.0,64.590894291679,0.7888697760839763,0.3915028089880767,0.8408748114598761,1.5227081775665283,1976.0,68.61652368530741,0.7647385920436878,0.6751012145714823,0.5030165912499887,3.091646194458008
test_img_0308.jpg,6396.0,54.428076787044034,0.8065325986192092,0.5098499061905725,0.9295895096894824,1.5296516418457031,3390.0,54.83268321366008,0.7721984814845619,0.7814159292012348,0.755131128846194,3.528078317642212
test_img_0055_4k.jpg,425.0,93.82217351414282,0.9718017779604984,0.7552941176292872,0.9042253520872049,0.47705078125,372.0,64.2958446518036,0.9678266706716597,0.7983870967527316,0.8366197182862923,0.7706573009490967
test_img_0199_4k.jpg,202.0,55.2476570018042,0.925212119265456,0.8118811880786198,0.6381322956950143,0.4760000705718994,192.0,49.253563031277274,0.9249956665551474,0.8072916666246202,0.6031128404434586,0.7347872257232666
test_img_0316.jpg,481.0,50.801987304566886,0.9046066594519698,0.7214137213987232,0.3614583333295681,1.7820191383361816,507.0,52.80972535824584,0.9294320183838048,0.8520710059003536,0.4499999999953125,2.5409092903137207
test_img_0323.jpg,2590.0,44.42588840612206,0.9093164943745459,0.6822393822367482,0.8817365269417079,1.7664659023284912,2187.0,42.932465525779776,0.9228388302816745,0.7942386831239404,0.8667664670615431,3.0768163204193115
test_img_0176_4k.jpg,337.0,97.09491682362135,0.9624288441109736,0.7359050444885488,0.7678018575613683,0.4757699966430664,305.0,80.141912072656,0.9564697970112048,0.7803278688268744,0.7368421052403454,0.7356481552124023
test_img_0178.jpg,504.0,124.49410579994485,0.9799106949660958,0.6805555555420525,0.8618090452044771,1.885453224182129,455.0,105.25672282584836,0.9825600496962845,0.7252747252587851,0.8291457286223832,2.6430513858795166
test_img_0061_4k.jpg,107.0,44.813523567942,0.91837286066145,0.7943925232902438,0.36480686693713277,0.4803938865661621,180.0,42.89769945751864,0.9376500998979393,0.6777777777401234,0.52360515019212,0.7252426147460938
test_img_0126_4k.jpg,348.0,89.06284546378174,0.9528377408834197,0.7356321838869071,0.847682119177229,0.4800872802734375,288.0,71.67258656421683,0.9516402681493399,0.8159722221938899,0.778145695338472,0.7423989772796631
test_img_0063.jpg,639.0,118.37549384276457,0.9716817156924864,0.8920187793287634,0.49912434325307253,1.8800044059753418,559.0,103.84162525638892,0.9701491562897648,0.9570661896072081,0.4684763572638488,2.8706228733062744
test_img_0320.jpg,3513.0,62.58807478585312,0.8936812642519816,0.6214062055205767,0.917612442198749,1.9426474571228027,2425.0,62.02088378740835,0.8868439728191113,0.8078350515430605,0.8234552332878375,3.5597124099731445
test_img_0073_4k.jpg,586.0,95.89155927729894,0.961324269527629,0.5836177474303137,0.7215189873265502,2.076148271560669,454.0,92.39495233859454,0.9720996002505716,0.7488986783976014,0.7172995780439388,2.617413282394409
test_img_0097.jpg,1413.0,95.94121015259371,0.8933794801682005,0.01698513800412608,0.0564705882339654,1.832841157913208,1015.0,84.84500928529461,0.890816779318141,0.027586206896279938,0.0658823529396263,2.466980457305908
test_img_0241_4k.jpg,257.0,100.94766508385092,0.9504700187955247,0.6809338521135824,0.8495145630655575,0.3984804153442383,237.0,84.84457036492178,0.9624756820104047,0.7552742615715073,0.8689320387927703,0.6165645122528076
test_img_0251_4k.jpg,349.0,86.92746433409997,0.9397944155233362,0.3839541547167921,0.7403314916718049,0.39810991287231445,182.0,76.09934262576098,0.9464693997229758,0.5934065933739886,0.5966850828399621,0.606053352355957
test_img_0331.jpg,4086.0,37.61805590767564,0.890772141144527,0.6079295154170143,0.966536964976784,1.739058494567871,3281.0,37.992508553643574,0.9050271250159444,0.7415422127377582,0.9466926070002074,3.461395740509033
test_img_0318.jpg,2781.0,65.83763249869905,0.9244129097115463,0.46997482919644024,0.8272151898681822,2.3154664039611816,1940.0,61.624996522350116,0.9339076944780942,0.6458762886564646,0.7930379746785251,3.6339428424835205
test_img_0208_4k.jpg,186.0,66.15101747373558,0.9450877671269942,0.8118279569456006,0.7587939698111158,0.531531572341919,190.0,50.077003631074895,0.9618181911036836,0.8315789473246537,0.7939698492063332,0.7893612384796143
test_img_0247_4k.jpg,303.0,92.89230818522599,0.9725975819663191,0.5676567656578331,0.8151658767386177,0.5394601821899414,269.0,76.853797997985,0.9782330335213029,0.6468401486748386,0.8246445497239505,0.8336760997772217
test_img_0016.jpg,883.0,101.95884837506685,0.9547619254263617,0.6964892412152153,0.731272294878344,2.1676981449127197,686.0,93.27193824350725,0.9497096117019898,0.8017492711253389,0.6539833531432344,3.0568554401397705
test_img_0104.jpg,2467.0,80.62875415065704,0.9101735839396428,0.5229023104964617,0.9436722750479615,1.0630757808685303,1753.0,78.56594617341261,0.9282903558695395,0.6896748431221353,0.8844184345216941,2.1031641960144043
test_img_0105_4k.jpg,256.0,83.23806829240999,0.9410780886605311,0.5703124999777222,0.8795180722361736,0.293912410736084,153.0,63.308531234473456,0.9402628529425936,0.797385620862916,0.734939758991871,0.46015143394470215
test_img_0192_4k.jpg,187.0,66.07332190892089,0.9320582176394583,0.7058823529034287,0.6874999999641926,0.4643130302429199,185.0,49.16025719041973,0.9431068151062452,0.832432432387436,0.8020833332915581,0.7094712257385254
test_img_0083.jpg,808.0,119.3825646434751,0.9762662916442406,0.6596534653383707,0.8063540090649568,2.4116368293762207,587.0,106.86049002152664,0.9782015542412291,0.787052810889488,0.6989409984765667,3.4358975887298584
test_img_0098_4k.jpg,120.0,44.407429087869986,0.8949700886554486,0.9333333332555556,0.45161290320759623,0.48449063301086426,122.0,44.9430355712117,0.921667028504317,0.942622950742408,0.46370967740065683,0.7413630485534668
test_img_0137.jpg,893.0,112.98144961716407,0.9691265720447028,0.6103023516169059,0.730563002671172,2.402750253677368,760.0,91.52212910757409,0.9714006171303814,0.7210526315694599,0.7345844503922978,3.411902666091919
test_img_0138.jpg,264.0,68.15451372305334,0.9551772867294708,0.8295454545140324,0.34984025558546583,2.4213216304779053,330.0,62.4141742601629,0.9669456850123552,0.8090909090663911,0.42651757187817063,3.4253487586975098
test_img_0145_4k.jpg,151.0,82.60389023793543,0.9682238029559544,0.7483443708113678,0.7197452228840926,0.4755818843841553,144.0,61.70874594385101,0.9744599082911285,0.7916666666116897,0.7261146496352793,0.6963059902191162
test_img_0183.jpg,2052.0,90.83121428121517,0.9578003720762888,0.7465886939534767,0.888115942023837,2.4624271392822266,1727.0,79.45511029617788,0.9556302063447656,0.838448176022939,0.8394202898502063,3.9395148754119873
test_img_0223.jpg,1227.0,87.66488460752518,0.9042436708934362,0.7612061939628264,0.517165005534235,2.396831750869751,963.0,81.88629180848164,0.9091148841436126,0.9034267912678772,0.48172757474816325,3.722147226333618
test_img_0226.jpg,980.0,54.49577234416218,0.913571900954263,0.8010204081550916,0.4824830977229104,2.4515793323516846,966.0,46.28508299948208,0.9272931036773904,0.8271221532005474,0.4910878918224273,3.641522169113159
test_img_0118.jpg,1228.0,60.88480279511122,0.9567999810511026,0.6555374592780494,0.8473684210437119,2.4695959091186523,990.0,68.9780039960775,0.9578365342521107,0.7818181818102846,0.814736842096687,3.7676117420196533
test_img_0161_4k.jpg,368.0,79.04770494933686,0.9449498821719987,0.7282608695454277,0.8645161290043705,0.4742565155029297,285.0,64.46663202237872,0.9432790946965847,0.8421052631283472,0.7741935483621227,0.7510809898376465
test_img_0162_4k.jpg,321.0,72.82493838897902,0.9552169146636317,0.7476635513785774,0.8633093524869313,0.4835083484649658,291.0,80.94464697063111,0.9555731095688673,0.8144329896627343,0.8525179855808447,0.7308406829833984
test_img_0163_4k.jpg,398.0,76.1880341731009,0.9514579793104082,0.8115577889243327,0.8777173912804968,0.4736008644104004,356.0,71.76503991334545,0.9497695009718654,0.8679775280655062,0.839673913020661,0.7751891613006592
test_img_0172_4k.jpg,175.0,78.91071065571239,0.9733376751967843,0.4914285714004898,0.788990825615689,0.480541467666626,122.0,86.2287646202693,0.9814716024957348,0.6639344261750874,0.7431192659868698,0.7032673358917236
test_img_0200_4k.jpg,292.0,54.92058689174439,0.9232472262924286,0.6198630136774019,0.617747440251954,0.5058755874633789,207.0,44.83987690140691,0.9058237588936924,0.6956521738794371,0.4914675767750352,0.7675602436065674
test_img_0288_4k.jpg,102.0,74.7313558432286,0.9318354849232061,0.9313725489282969,0.4439252336241156,0.46993088722229004,144.0,67.96717435289877,0.9544066547411987,0.874999999939236,0.5887850467014586,0.7104020118713379
test_img_0311.jpg,942.0,66.61539481389913,0.9450984428381499,0.8248407643224539,0.8652561247119682,2.499177932739258,915.0,59.00017743533615,0.9581573451472564,0.8415300546356117,0.8574610244893378,3.7988390922546387
test_img_0169_4k.jpg,291.0,86.62803595455406,0.9681135142991739,0.4948453608077373,0.8622754490501631,0.5433759689331055,231.0,71.99426137006091,0.9738398774414521,0.6103896103631866,0.8443113771949514,0.8022568225860596
test_img_0198_4k.jpg,251.0,88.6922083881957,0.9601438148045938,0.310756972099173,0.7647058822779701,0.48124074935913086,87.0,80.56686100060111,0.9760980071811304,0.8275862068014269,0.7058823528719723,0.6788103580474854
test_img_0094_4k.jpg,65.0,54.44060662829911,0.9528935847251278,0.9230769229349113,0.4195804195510783,0.5023858547210693,90.0,46.39131256821681,0.9607450996538355,0.8333333332407408,0.5244755244388478,0.7050256729125977
test_img_0181_4k.jpg,606.0,118.28356406719574,0.9748480013255916,0.5825082508154702,0.7707423580617742,1.701383113861084,379.0,109.30694323089199,0.9725276838556932,0.7678100263649654,0.6353711790254286,2.422743797302246
test_img_0002.jpg,812.0,118.5063169812598,0.9613867704345855,0.7598522167394107,0.683277962340163,2.4859375953674316,581.0,109.63822066285842,0.9537562977251673,0.8881239242532164,0.5714285714222433,3.2814395427703857
test_img_0005_4k.jpg,221.0,85.96184900340353,0.9587376268017614,0.41628959274134436,0.8932038834084268,0.4157991409301758,180.0,87.24301926107387,0.9664835087615664,0.5166666666379629,0.9029126212715619,0.5980417728424072
test_img_0108_4k.jpg,179.0,67.57767383151506,0.9478139365329594,0.7318435753781093,0.7043010752309515,0.404254674911499,162.0,78.51210064988244,0.956416543109444,0.8148148147645176,0.7096774193166839,0.6132926940917969
test_img_0171.jpg,866.0,69.33954675128983,0.9563643607799439,0.4491916859070532,0.6526845637474382,2.305049180984497,588.0,78.17981427801026,0.9634488767416531,0.6224489795812509,0.61409395972124,3.238633155822754
test_img_0179.jpg,2341.0,86.81160146453513,0.9358093105860534,0.7261853908555055,0.84999999999575,2.2419910430908203,1952.0,92.96180304355076,0.942641229603193,0.8601434426185444,0.8394999999958025,3.751819372177124
test_img_0187_4k.jpg,384.0,86.34942368528279,0.9441498547882048,0.7213541666478814,0.6907730673144445,0.40262556076049805,263.0,73.6639262169279,0.9404838452280587,0.9011406843763825,0.5910224438755356,0.6808099746704102
test_img_0196_4k.jpg,328.0,111.79355153410137,0.9617697886685782,0.753048780464846,0.8666666666362572,0.41106605529785156,261.0,90.61711552051818,0.9532584128286791,0.8467432949867147,0.7754385964640197,0.6568982601165771
test_img_0151_4k.jpg,524.0,99.22188661740671,0.9444169626278118,0.6259541984613367,0.5157232704321427,1.8908934593200684,394.0,94.35967459916986,0.9558311997166704,0.8197969542939137,0.5078616352121406,2.6883599758148193
test_img_0216.jpg,413.0,104.88087088724559,0.9596427242511689,0.7263922517983924,0.5128205128117467,3.237422227859497,384.0,102.5991412101972,0.972937191913759,0.8281249999784343,0.5435897435804514,3.795588254928589
test_img_0008_4k.jpg,145.0,98.25398616500492,0.9711717106443117,0.5586206896166468,0.8804347825129962,0.4795873165130615,105.0,86.39629926030943,0.9832240393186674,0.6952380951718822,0.7934782607833176,0.6885130405426025
test_img_0067_4k.jpg,339.0,80.19681902177157,0.9569135010234558,0.6607669616324258,0.8995983935381687,0.4912748336791992,280.0,61.94477636759194,0.9631445121599184,0.7928571428288265,0.891566265024435,0.7455360889434814
test_img_0086_4k.jpg,234.0,61.25586097626581,0.9484654183803867,0.5598290598051355,0.7660818713002291,0.46698451042175293,179.0,49.7104046515287,0.9556278072283622,0.6815642457719796,0.7134502923559386,0.7094826698303223
test_img_0182_4k.jpg,259.0,93.58791911649189,0.9559018587778951,0.8803088802748915,0.8539325842376804,0.4778625965118408,258.0,68.81790607035381,0.957215086498425,0.8953488371745989,0.8651685392934394,0.7263312339782715
test_img_0248_4k.jpg,215.0,96.04181968875892,0.9543385093938899,0.7023255813626825,0.7475247524382413,0.48519158363342285,211.0,75.1213641432282,0.9578202886386092,0.7251184833779565,0.7574257425367611,0.7062768936157227
test_img_0148.jpg,828.0,122.12819630181525,0.966480808006757,0.7572463768024487,0.7808219177984954,2.174516439437866,831.0,112.47470450375975,0.9702386125183363,0.7845968712300289,0.8119551681094401,3.124485492706299
test_img_0107_4k.jpg,318.0,51.681420962003095,0.9195514195867999,0.7987421383396621,0.7650602409408114,0.4847109317779541,312.0,45.28616520835954,0.9344505905881005,0.8365384615116493,0.786144578289574,0.764265775680542
test_img_0045_4k.jpg,207.0,88.01090775195124,0.9693491146437708,0.6618357487602977,0.8954248365427826,0.480377197265625,185.0,88.68127127776755,0.9708835906703509,0.7081081080698319,0.856209150270836,0.699946403503418
test_img_0146_4k.jpg,388.0,79.29675299280989,0.9581755951162442,0.8582474226582926,0.867187499977417,0.4862480163574219,344.0,63.88387249667412,0.9478441325224887,0.9069767441596809,0.8124999999788411,0.795750617980957
test_img_0214_4k.jpg,532.0,102.23294745099791,0.9650120086867109,0.6654135338220787,0.6968503936870699,1.6037027835845947,407.0,92.10592194818304,0.9660982906060316,0.7985257985061787,0.6397637795149653,2.2560365200042725
test_img_0014_4k.jpg,301.0,76.18223628850595,0.9448942132623845,0.6079734219067118,0.8206278026537834,0.4763808250427246,231.0,59.042775105776286,0.9353776886108335,0.7229437229124267,0.7488789237332341,0.7179062366485596
test_img_0123_4k.jpg,169.0,53.250140011982715,0.9331845784749346,0.8757396449185952,0.3096234309558656,1.5826010704040527,213.0,52.150709673003306,0.9459645085581584,0.854460093856598,0.38075313806734823,2.2986512184143066
test_img_0157_4k.jpg,10.0,52.453972333217415,0.9401649298596354,0.1999999998,0.004329004328910628,1.6008052825927734,16.0,49.64119681610528,0.9511237437352434,0.624999999609375,0.021645021644553137,2.127664804458618
test_img_0158_4k.jpg,269.0,92.39014885809837,0.9587107559193347,0.7657992564771078,0.8373983739496992,0.47949838638305664,226.0,76.39617520505898,0.9554160511601549,0.8318584070428381,0.7642276422453566,0.7385549545288086
test_img_0221.jpg,930.0,57.456122246779834,0.9032375027178682,0.8419354838619146,0.46441281138514584,2.805466651916504,1038.0,51.15761802982421,0.9278232971999344,0.862235067429073,0.5308422301273379,4.184509038925171
test_img_0222.jpg,1598.0,52.86329392470344,0.9282279663394652,0.7784730913593337,0.6724324324287977,2.869466781616211,1630.0,46.112293258754455,0.9387534623719144,0.8171779141054162,0.7199999999961082,4.325552225112915
test_img_0224_4k.jpg,322.0,56.57533155187681,0.9060329484380869,0.745341614883685,0.641711229929366,0.4669334888458252,312.0,45.21332684459119,0.9332522575634932,0.7724358974111398,0.6443850267207384,0.7676899433135986
test_img_0225.jpg,238.0,55.85874731492678,0.9005139666141018,0.8235294117301037,0.16824034334619536,3.028691291809082,444.0,49.9111686978022,0.9210079758547375,0.8040540540359448,0.306437768237713,4.130439758300781
test_img_0227.jpg,14.0,73.84365681422003,0.939777820571772,0.28571428551020406,0.0066334991707025955,2.9293510913848877,3.0,73.62644721375965,0.9407162444561029,0.0,0.0,3.810353994369507
test_img_0230.jpg,1744.0,95.1914777495991,0.9315805327214497,0.5722477064187371,0.6974143955227295,3.0493342876434326,1312.0,91.28491396497931,0.942766755671009,0.7416158536528841,0.6799440950336831,4.526159763336182
test_img_0261_4k.jpg,355.0,45.551485529693366,0.928063939701452,0.7830985915272366,0.817647058799481,0.48867177963256836,352.0,43.30497360982641,0.938004702606221,0.778409090886977,0.805882352917474,0.8011603355407715
test_img_0185_4k.jpg,463.0,102.7971146565224,0.9744617476988322,0.7602591792492385,0.6998011928290298,1.502255916595459,354.0,89.60061733345876,0.9699614108634727,0.8531073446086692,0.600397614302179,2.256338596343994
test_img_0018_4k.jpg,170.0,82.73336528365256,0.9647451897239622,0.5470588234972318,0.6788321167387713,0.4783482551574707,126.0,69.5667073430787,0.971069545988439,0.6904761904213909,0.6350364963040119,0.7012946605682373
test_img_0019_4k.jpg,250.0,84.51840973828831,0.9618204287029071,0.38399999998463996,0.7111111110584362,0.46854400634765625,181.0,70.64534832364313,0.9651252299058101,0.4475138121299716,0.5999999999555555,0.6881430149078369
test_img_0139_4k.jpg,765.0,106.00521355750115,0.9657415527807942,0.4653594771180999,0.8436018957146065,1.5049834251403809,560.0,91.9876975357866,0.9716642718830585,0.6267857142745217,0.8317535544826599,2.2917428016662598
test_img_0322.jpg,570.0,47.455831876634775,0.9032120755133565,0.7438596491097569,0.2670025188900063,3.0442099571228027,441.0,45.38945897533619,0.8949672183073211,0.8253968253781089,0.22921914357538276,4.3855204582214355
test_img_0254.jpg,1268.0,116.55857534752121,0.9712700145180306,0.540220820185014,0.8363858363756241,2.935546636581421,968.0,109.4694941751516,0.9790656407959082,0.7066115702406341,0.8351648351546378,4.30629563331604
test_img_0113.jpg,650.0,87.79018860759126,0.9429517451146182,0.5830769230679527,0.30127186009299467,4.425869464874268,496.0,76.35031134440794,0.9500045447414851,0.7036290322438784,0.277424483304631,6.069778680801392
test_img_0025_4k.jpg,359.0,100.8618086606924,0.9549396604521074,0.7353760445477611,0.8407643311834151,0.4197866916656494,281.0,89.83932318192254,0.9489121972104433,0.8612099643821634,0.7707006369181305,0.6790993213653564
test_img_0129_4k.jpg,404.0,86.49158346481256,0.9402020603983311,0.6856435643394643,0.8964401294208272,0.4162452220916748,324.0,65.00811378913721,0.9458444835672523,0.8209876542956485,0.8608414239203611,0.668879508972168
test_img_0297_4k.jpg,390.0,100.57817440230785,0.9698501583660625,0.689743589725904,0.6389548693434928,1.4033730030059814,299.0,94.95402713921438,0.9691213525819433,0.8260869564941108,0.5866983372782257,2.046630620956421
test_img_0233_4k.jpg,340.0,82.395726959098,0.9331043629764952,0.664705882333391,0.686930091164531,0.4736611843109131,293.0,75.80737774439268,0.9273874071475321,0.7098976108972731,0.632218844965586,0.7523422241210938
test_img_0029_4k.jpg,628.0,98.33428008673005,0.9735684348752938,0.6066878980795113,0.8542600896669448,1.570838451385498,489.0,89.06778696331315,0.9746641541093124,0.7586912065284521,0.8318385650037704,2.2779648303985596
test_img_0035.jpg,1449.0,88.18737717032688,0.9522211640291323,0.5569358178015394,0.809428284846445,2.9629507064819336,1112.0,103.15006222920398,0.9696654471374918,0.7293165467560314,0.8134403209547297,4.310739517211914
test_img_0036_4k.jpg,284.0,86.84124009383831,0.9574975178400305,0.7323943661713945,0.6910299003092681,0.4793710708618164,229.0,73.22227905932567,0.9536617012611913,0.8384279475616406,0.637873754131632,0.7509548664093018
test_img_0057_4k.jpg,807.0,85.440563434301,0.954522128518695,0.6232961586044201,0.7418879055937775,1.57077956199646,545.0,79.04962999126985,0.9543068364395603,0.8091743119117583,0.6504424778665127,2.3922760486602783
test_img_0153.jpg,1148.0,94.3813002083082,0.9335760113858547,0.4111498257803907,0.7588424437177035,1.367027759552002,958.0,99.05009118303195,0.9400459614883793,0.4561586638783282,0.7025723472555856,2.0806477069854736
test_img_0117_4k.jpg,662.0,47.70231677994019,0.9308445552088045,0.8187311178124058,0.7424657534144867,1.6120548248291016,768.0,44.47423994467646,0.9514928691019603,0.7825520833231439,0.8232876712215987,2.5584046840667725
test_img_0059_4k.jpg,50.0,50.3306146741646,0.93938169161769,0.35999999992799997,0.04054054053962747,1.4999239444732666,96.0,48.87112952556757,0.9555585844649994,0.6041666666037326,0.1306306306276885,2.1317520141601562
test_img_0213_4k.jpg,375.0,72.69219056266707,0.9537003795278084,0.5813333333178311,0.832061068670532,0.47852492332458496,269.0,53.45644273251626,0.9590660018398962,0.7843866170712124,0.8053435114196433,0.7302196025848389
test_img_0164.jpg,1464.0,40.744076391047784,0.888506825446183,0.8142076502676626,0.7602040816278048,1.6314642429351807,1496.0,40.33982826026874,0.9220274429235645,0.8489304812777478,0.8099489795866713,2.7191665172576904
test_img_0273.jpg,1350.0,66.91067215248331,0.9441034897186956,0.5822222222179095,0.8451612903134929,1.7569637298583984,1164.0,65.14103549448372,0.9565471419406272,0.6924398625370066,0.8666666666573477,2.7312567234039307
test_img_0032_4k.jpg,1110.0,104.12404250983076,0.95745128270946,0.5117117117071017,0.8464977645179359,1.540797233581543,763.0,94.8477323920162,0.961239736684597,0.6815203145389054,0.7749627421643076,2.360879898071289
test_img_0136_4k.jpg,157.0,45.53324097051573,0.9336319685158181,0.8726114649125725,0.21372854913863137,1.5321621894836426,316.0,45.27731238862199,0.9467689399768331,0.8322784809863203,0.4102964118500734,2.2468674182891846
test_img_0142_4k.jpg,417.0,45.015965294499274,0.9252243071760049,0.6834532373936821,0.8213256483913163,0.4768052101135254,399.0,43.0200024578756,0.9356126448270032,0.7142857142678124,0.8213256483913163,0.7969772815704346
test_img_0152.jpg,454.0,91.90904189810537,0.9529575343954246,0.7731277532869355,0.3979591836689574,3.5331180095672607,330.0,91.68979651157144,0.9542114338907901,0.8878787878518825,0.33219954648149436,4.942949056625366
test_img_0154_4k.jpg,506.0,107.93302889029222,0.9474086834062011,0.6245059288414129,0.8977272727017691,0.4640226364135742,407.0,85.5459508253614,0.9404838933895917,0.7469287469103949,0.8636363636118285,0.7603871822357178
test_img_0004_4k.jpg,191.0,72.73051833217941,0.9536811265016701,0.6387434554639401,0.670329670292839,0.46270227432250977,157.0,72.00372732794868,0.9616732990660832,0.7388535031376526,0.6373626373276174,0.6848440170288086
test_img_0244_4k.jpg,116.0,49.47300762787874,0.9379131376853292,0.7327586206264863,0.3744493391905529,0.46639013290405273,144.0,45.941448752468354,0.9506930614189014,0.7708333332798032,0.48898678411942786,0.6725437641143799
test_img_0033_4k.jpg,139.0,79.53943246692083,0.9611144519962088,0.5899280575115159,0.6456692912877426,0.4661870002746582,131.0,58.276666894899336,0.9607429720718729,0.5343511449973778,0.5511811023188047,0.6677875518798828
test_img_0075_4k.jpg,295.0,74.92757176218838,0.9303132378498461,0.6745762711635737,0.79599999996816,0.40154314041137695,210.0,59.00843245747654,0.9381451542002082,0.8523809523403628,0.71599999997136,0.6488790512084961
test_img_0015_4k.jpg,707.0,81.34341183443233,0.9096425684421341,0.5657708627925634,0.9803921568387158,0.4218406677246094,482.0,66.4594815677006,0.9178051974462277,0.7697095435524957,0.909313725467909,0.7389371395111084
test_img_0065_4k.jpg,962.0,106.7273924186904,0.9564263708378812,0.40956340955915216,0.8329809724982457,1.4030568599700928,661.0,96.47533935802038,0.9550480264902954,0.515885022685085,0.7209302325428979,2.1866612434387207
test_img_0069_4k.jpg,533.0,83.39088134264541,0.9688650617859431,0.7485928705300452,0.7444029850607388,1.3778166770935059,406.0,77.13315875670898,0.9730388230674678,0.8793103448059283,0.6660447761069768,2.1337034702301025
test_img_0071.jpg,1695.0,68.07645968183921,0.9410458392173544,0.5008849557492574,0.7039800994966503,3.44270920753479,623.0,73.83902767436469,0.9328956731904642,0.7287319422033911,0.3764510779404938,5.152523517608643
test_img_0095_4k.jpg,470.0,71.83266013797476,0.9489344226818287,0.6680851063687642,0.857923497244319,0.4155893325805664,377.0,58.92123769200324,0.9508540208563037,0.7931034482548248,0.8169398906880617,0.6928195953369141
test_img_0050_4k.jpg,302.0,83.16521267961716,0.9600979995312457,0.8344370860650848,0.6028708133827064,1.5816028118133545,344.0,81.61711725430249,0.9732585585545287,0.84883720927765,0.6985645932847233,2.281085729598999
test_img_0056_4k.jpg,276.0,83.39212851361104,0.9486740311457466,0.6086956521518588,0.874999999954427,0.4700813293457031,224.0,62.847697235426104,0.9547053409714532,0.7321428571101721,0.8541666666221788,0.6947565078735352
test_img_0087_4k.jpg,128.0,84.04798574248787,0.9126553834619668,0.8593749999328613,0.17828200972158376,1.5342552661895752,163.0,71.3986760137598,0.9284024412120774,0.8834355827678874,0.23338735818098238,2.230570077896118
test_img_0088_4k.jpg,252.0,61.19733861616886,0.9305917212388832,0.5079365079163517,0.6564102563765943,0.47335028648376465,172.0,63.72360646861773,0.9481348236607969,0.6860465115880205,0.6051282050971729,0.7098464965820312
test_img_0089.jpg,2770.0,75.8335374154873,0.9233812464452527,0.46642599277809954,0.8455497382143616,4.179421901702881,1458.0,84.23017519818623,0.9625174388798962,0.8148148148092262,0.7774869109896761,6.157939195632935
test_img_0173_4k.jpg,857.0,68.32702706629013,0.9251757002605318,0.6884480746710799,0.678160919532435,1.515209674835205,593.0,64.70308546377589,0.9208244912255444,0.822934232701131,0.5609195402234377,2.4611785411834717
test_img_0184.jpg,2315.0,76.06968233440958,0.9407206013786248,0.8246220302340189,0.8958235570112819,4.146897792816162,2150.0,75.16181326691742,0.9603266044973854,0.8744186046470958,0.8822149225674227,6.437069416046143
test_img_0190_4k.jpg,691.0,62.31127987112639,0.9490492650613431,0.8321273516522123,0.8087201125062065,1.492483377456665,625.0,65.84524185906801,0.9547224799998294,0.8735999999860223,0.767932489440676,2.4282190799713135
test_img_0210_4k.jpg,258.0,129.59245969279053,0.9567771492519836,0.914728682135088,0.5645933014218997,1.5467922687530518,193.0,114.43197441880457,0.9552573875599568,0.9430051812982898,0.43540669855417685,2.169614315032959
test_img_0217.jpg,2049.0,113.41675044680235,0.9648894539655906,0.7101024890155682,0.8323798626954669,4.249106168746948,1573.0,108.12504154392833,0.9644548384015557,0.8315321042540907,0.7482837528561311,6.047612428665161
test_img_0232_4k.jpg,453.0,107.10212688971048,0.9666847774174187,0.6247240617963637,0.686893203866823,1.5161008834838867,407.0,98.29202271991451,0.9655993547831258,0.6830466830299006,0.6747572815370204,2.2471718788146973
test_img_0246.jpg,1078.0,92.82221193500094,0.9756713115491191,0.7124304267095323,0.749268292675617,4.339944124221802,816.0,93.06212651630858,0.9754257322419323,0.8615196078325794,0.6858536585298942,6.002554178237915
test_img_0256.jpg,1888.0,49.83394368858247,0.9008484361764683,0.6292372881322604,0.5373134328333907,4.100519895553589,1702.0,48.79231494734811,0.9151327286335156,0.6780258519349117,0.5219357756647584,6.2220985889434814
test_img_0258.jpg,999.0,109.32970106544701,0.9708006906744518,0.7757757757680103,0.7900101936718653,4.0426154136657715,928.0,103.46051073341928,0.9731733939506108,0.8265086206807488,0.781855249737188,5.680097341537476
test_img_0259_4k.jpg,438.0,81.89411508032019,0.9565166412162995,0.6735159817197828,0.8832335329076876,0.46587109565734863,382.0,64.56243642385023,0.9580095896283793,0.7801047120214633,0.8922155688355624,0.7499778270721436
test_img_0260.jpg,2133.0,50.60390140238687,0.9199975393046501,0.7674636661942454,0.7870192307654471,4.119119882583618,2300.0,49.83347848195435,0.9463608824791948,0.7273913043446636,0.8043269230730562,6.545719623565674
test_img_0211.jpg,600.0,110.97738405231537,0.978137942701963,0.5716666666571388,0.8166666666472222,1.8351128101348877,468.0,101.43902468096573,0.9828568150746122,0.7072649572498447,0.7880952380764739,2.7083046436309814
test_img_0074_4k.jpg,422.0,49.151609609421676,0.92451728995657,0.7440758293662542,0.45179856114457845,1.4866259098052979,447.0,44.78952847408713,0.9343667797157816,0.7516778523321772,0.4834532374031158,2.3821208477020264
test_img_0295.jpg,1927.0,97.04540809524241,0.9528042159614153,0.5225739491410349,0.6883116883069835,4.886156320571899,1333.0,86.7677049879599,0.9542697457377793,0.7224306076464935,0.6582365003372643,6.610623598098755
test_img_0160.jpg,1042.0,80.90689821795132,0.9347307259844795,0.7312859884766671,0.724334600753571,1.776125192642212,557.0,81.20382304926181,0.9245572005380306,0.9102333931613962,0.48193916349351773,2.7599642276763916
test_img_0294_4k.jpg,606.0,53.491106481795775,0.8943201091782557,0.5874587458648934,0.4535031847075987,1.4384150505065918,613.0,58.72911485808427,0.9439415165715525,0.7601957585520359,0.5936305732408454,2.0964975357055664
test_img_0048.jpg,950.0,84.22423190990011,0.9602808687790111,0.6968421052558227,0.5525876460721821,4.6095476150512695,874.0,90.67449090395954,0.9726097320665678,0.8237986269928627,0.6010016694440652,6.490352153778076
test_img_0140_4k.jpg,505.0,78.59383719089783,0.9681066380207304,0.7366336633517498,0.9587628865732277,0.4737052917480469,438.0,71.48609875474241,0.9646717421560621,0.8333333333143075,0.9407216494602907,0.7892887592315674
test_img_0024_4k.jpg,384.0,56.57773352506428,0.8607324393345164,0.7213541666478814,0.7328042327848464,0.22591686248779297,292.0,58.00501391933737,0.8791653354531151,0.842465753395806,0.650793650776434,0.4477384090423584
test_img_0052_4k.jpg,112.0,113.13608623568996,0.9611669030339893,0.7767857142163584,0.6258992805305108,0.46685171127319336,100.0,88.9184060938913,0.9637710380155643,0.789999999921,0.568345323700119,0.6743597984313965
test_img_0023_4k.jpg,455.0,89.5497819176475,0.9579538485383783,0.5318681318564424,0.9063670411645555,0.472198486328125,348.0,66.32576018024771,0.9519851254686801,0.6752873563024343,0.8801498127011179,0.7358121871948242
test_img_0020_4k.jpg,192.0,81.13461057934137,0.9681939078442744,0.48958333330783416,0.7067669172400927,0.4690580368041992,154.0,65.62371811049933,0.9652232191024016,0.5844155843776353,0.6766917292724292,0.6799910068511963
test_img_0021_4k.jpg,102.0,73.81730149590328,0.960817038214169,0.519607843086313,0.42063492060153695,0.46849608421325684,107.0,52.09533074726571,0.9693850494917271,0.6635514018071448,0.5634920634473419,0.6674935817718506
test_img_0027_4k.jpg,592.0,81.04609734058945,0.8889530517826871,0.2162162162125639,0.7191011235551067,0.4604358673095703,268.0,69.89519862579876,0.9432795289327007,0.46268656714691464,0.6966292134440095,0.6862311363220215
test_img_0043_4k.jpg,23.0,54.890309178237395,0.9453409855729872,0.9565217387145557,0.1428571428478664,0.47647714614868164,25.0,48.22454976382791,0.9541110146688071,0.959999999616,0.15584415583403607,0.6638309955596924
test_img_0034_4k.jpg,210.0,122.49572334187877,0.9702377333370878,0.7761904761535147,0.754629629594693,0.4887399673461914,201.0,89.86975132200442,0.9669153013315551,0.7562189054350139,0.7037037036711248,0.7202918529510498
test_img_0249_4k.jpg,74.0,93.64252389889118,0.974860311736662,0.6216216215376188,0.5679012344977901,0.474564790725708,73.0,75.50430157363425,0.9796965736834463,0.6712328766203791,0.6049382715302546,0.674513578414917
test_img_0315_4k.jpg,389.0,61.56969612523957,0.8913426708053297,0.799485861161967,0.8184210526100415,0.22467923164367676,321.0,49.48067671320184,0.888998292671528,0.8909657320594715,0.7526315789275623,0.4511129856109619
test_img_0130_4k.jpg,771.0,84.3142214183593,0.940094290011299,0.49156939039569947,0.8422222222035062,0.7339341640472412,487.0,73.34523183449832,0.953196901063519,0.6981519507043501,0.7555555555387654,1.2079205513000488
test_img_0009_4k.jpg,206.0,101.26116229137925,0.9589573219510668,0.8058252426793289,0.7063829786933454,0.22742342948913574,174.0,68.86119875201479,0.9542940035294758,0.8793103447770511,0.6510638297595291,0.3814969062805176
test_img_0228_4k.jpg,195.0,48.46386068096392,0.9184558761522202,0.8153846153428007,0.9408284023111936,0.2246103286743164,186.0,43.256682991627436,0.9406296691406552,0.8494623655457278,0.9349112425482301,0.36916518211364746
test_img_0042_4k.jpg,156.0,113.7489468688204,0.9597700717859555,0.5769230768860947,0.6923076922544378,0.4651346206665039,138.0,84.40389225534018,0.9625988757321892,0.6159420289408737,0.653846153795858,0.6677055358886719
test_img_0090_4k.jpg,985.0,67.77445514893465,0.9352123279364233,0.7380710659823546,0.9380645161169282,0.7551689147949219,795.0,67.59886933299751,0.9417062791144658,0.8691823899261738,0.8916129032143018,1.362586259841919
